,rating_0,rating_1,rating_2,rating_3,rating_4,rating_5,rating_mean,rating_mode,rating_std,rating_count,rating_diff,label
0,0,4,7,27,30,3,3,4,0.0,71,0.8314785414554405,0
1,0,10,15,19,52,55,3,5,1.0,151,1.2002845608211292,0
2,0,3,20,73,104,36,3,4,0.0,236,0.8502268732611009,0
3,2,44,104,176,179,46,3,4,1.0,551,1.0206026673592639,0
4,0,23,40,90,60,40,3,3,1.0,253,1.134604452648074,0
5,1,22,43,68,75,33,3,4,1.0,242,0.9839711741103778,0
6,0,1,4,11,25,21,3,4,0.0,62,1.0378250986091466,1
7,2,6,16,35,83,31,3,4,1.0,173,0.9538062181308679,0
8,0,29,26,23,20,13,2,1,1.0,111,1.5391335622391715,1
9,5,20,77,118,30,15,2,3,1.0,265,0.9896465493483517,0
10,0,22,62,82,115,58,3,4,1.0,339,0.9703122531694764,0
11,0,7,9,25,35,51,3,5,1.0,127,1.136673653783551,0
12,0,6,27,153,139,13,3,3,0.0,338,0.7120296004820308,0
13,20,13,23,54,70,74,3,5,1.4142135623730951,254,1.5458311946207142,0
14,0,2,7,29,18,3,3,3,0.0,59,0.7479538566001522,0
15,0,2,10,60,138,38,3,4,0.0,248,0.8243745904288746,0
16,0,0,18,303,191,5,3,3,0.0,517,0.6411358727486485,0
17,0,2,5,12,24,0,3,4,0.0,43,0.6148216199937101,0
18,0,6,25,67,111,17,3,4,0.0,226,0.7089446143667774,0
19,0,1,8,29,17,5,3,3,0.0,60,0.7759408754786754,0
20,0,2,5,45,24,21,3,3,0.0,97,1.0088151967599788,0
21,0,2,14,45,132,5,3,4,0.0,198,0.5939064187766336,0
22,1,12,35,55,150,21,3,4,0.0,274,1.0108916912605095,0
23,0,0,0,6,5,6,4,5,0.0,17,1.0390594236908368,0
24,4,11,23,81,116,29,3,4,1.0,264,0.9542645977769298,0
25,0,0,1,7,4,8,3,5,0.0,20,1.1319868427272206,0
26,0,2,5,93,195,16,3,4,0.0,311,0.5490388026158324,0
27,0,0,21,77,56,18,3,3,0.0,172,0.745686614051661,0
28,0,11,7,25,18,5,2,3,1.0,66,1.2342074354622796,1
29,0,3,12,18,24,9,3,4,1.0,66,1.0008919201085484,1
30,0,2,11,113,86,22,3,3,0.0,234,0.6906884150407747,0
31,0,12,15,33,36,34,3,4,1.0,130,1.03683816716432,0
32,2,4,20,29,21,10,3,3,1.0,86,1.1591865939214707,0
33,2,1,4,39,99,20,3,4,0.0,165,0.8014007982803624,0
34,29,47,74,144,72,0,2,3,1.0,366,1.3680481490150749,0
35,11,14,25,53,55,24,3,4,1.0,182,1.3246689127841453,0
36,0,0,0,6,9,23,4,5,0.0,38,1.3119466989968434,0
37,0,1,6,35,24,13,3,3,0.0,79,0.7383281479566357,0
38,0,0,5,67,65,11,3,3,0.0,148,0.6240380550427457,0
39,19,36,64,121,120,95,3,3,1.0,455,1.2430734156161607,0
40,0,1,14,83,65,5,3,3,0.0,168,0.5128842351594609,0
41,0,4,6,19,60,23,3,4,0.0,112,0.8762245968030443,0
42,0,0,0,0,1,1,4,5,0.0,2,1.1297451599840544,0
43,0,8,45,140,72,1,3,3,0.0,266,0.8015747520037545,0
44,1,0,3,24,35,55,4,5,0.0,118,1.253809930267053,0
45,0,2,7,30,138,21,3,4,0.0,198,0.6994937470789703,0
46,0,6,13,72,55,10,3,3,0.0,156,0.7362732248482706,0
47,0,3,13,61,59,15,3,3,0.0,151,0.6689093682980711,1
48,0,0,6,32,11,12,3,3,0.0,61,0.9698442708927242,0
49,0,1,4,15,20,3,3,4,0.0,43,0.8179565103012085,0
50,0,1,3,17,29,35,4,5,0.0,85,1.053663131051203,0
51,0,7,56,173,104,8,3,3,0.0,348,0.7187837343728541,0
52,0,0,2,28,14,16,3,3,0.0,60,0.782230729249077,0
53,29,2,13,61,32,43,3,3,1.4142135623730951,180,1.5993363051322547,0
54,62,6,34,74,91,17,2,4,1.4142135623730951,284,1.699376341255667,0
55,1,15,82,170,169,35,3,3,0.0,472,0.8003266334935969,0
56,1,10,35,119,11,7,2,3,0.0,183,1.0003264797904423,0
57,0,5,39,160,221,44,3,4,0.0,469,0.7391673484194907,0
58,0,4,8,25,54,8,3,4,0.0,99,0.6759104799825381,0
59,0,0,4,5,9,9,3,5,1.0,27,0.9791503405390228,0
60,0,4,8,12,17,25,3,5,1.0,66,1.1225077079028156,0
61,0,13,38,106,84,13,3,3,0.0,254,0.6996052501062558,0
62,6,15,36,52,44,24,3,3,1.0,177,1.3692804235852492,0
63,1,5,43,166,69,3,3,3,0.0,287,0.651059082651208,0
64,0,1,11,21,19,6,3,3,0.0,58,1.0044067993967387,1
65,0,0,2,7,10,3,3,4,0.0,22,0.6418967878738744,0
66,0,2,2,24,44,15,3,4,0.0,87,0.779245747408828,0
67,11,4,6,20,37,16,3,4,1.4142135623730951,94,1.5442264411641091,0
68,4,5,11,33,48,11,3,4,1.0,112,1.01094624466592,0
69,0,3,13,34,96,59,3,4,0.0,205,1.1325150424959254,0
70,1,7,24,81,96,18,3,4,0.0,227,0.9456176838885874,0
71,0,2,1,89,117,8,3,4,0.0,217,0.6367057016650747,0
72,0,8,81,250,145,10,3,3,0.0,494,0.7607500795067756,0
73,0,0,0,27,48,46,4,4,0.0,121,1.1144625659693195,0
74,0,3,5,22,52,36,3,4,0.0,118,1.022947652819201,0
75,0,7,122,208,118,21,3,3,0.0,476,0.7584034640123277,0
76,2,4,19,61,54,0,3,3,0.0,140,0.9201156448860385,0
77,0,0,33,180,76,9,3,3,0.0,298,0.8347639498116054,0
78,0,2,4,21,25,16,3,4,0.0,68,0.8894211949771427,0
79,0,2,4,31,82,30,3,4,0.0,149,0.7986549018553681,0
80,0,1,1,7,5,2,3,3,1.0,16,0.9250676634368805,0
81,8,23,41,64,43,32,2,3,1.0,211,1.2832416591162772,0
82,0,1,1,7,10,11,3,5,1.0,30,0.8612417840339532,0
83,1,26,59,166,220,110,3,4,1.0,582,0.990571058209503,0
84,0,0,3,17,21,15,3,4,0.0,56,0.865551214166209,0
85,0,3,5,12,8,12,3,3,1.0,40,1.080994441665231,0
86,0,3,36,106,60,1,3,3,0.0,206,0.6774712901966693,0
87,1,1,0,14,65,25,4,4,0.0,106,1.0553818856190906,0
88,0,9,28,64,69,24,3,4,1.0,194,0.7941132691891858,0
89,0,9,4,24,60,41,3,4,1.0,138,1.1346537546425393,0
90,0,2,16,49,130,48,3,4,0.0,245,0.7756064111977903,0
91,0,0,1,0,11,10,4,4,0.0,22,1.3926800305252078,0
92,0,1,6,16,15,2,3,3,0.0,40,0.9972731479151995,0
93,0,9,48,65,39,15,3,3,1.0,176,1.1029980682050373,1
94,0,6,19,133,111,36,3,3,0.0,305,0.7545327812259518,0
95,0,14,51,139,95,27,3,3,0.0,326,0.922265047934625,1
96,0,2,11,34,74,17,3,4,0.0,138,0.8250921809063111,0
97,0,1,1,2,19,5,3,4,0.0,28,0.7670172658301178,0
98,0,0,0,5,24,14,4,4,0.0,43,1.0235669126725127,0
99,0,0,0,4,7,4,4,4,0.0,15,1.0699297250651227,0
100,0,0,4,2,12,13,4,5,1.0,31,1.040974678851261,0
101,0,8,9,19,30,6,3,4,1.0,72,0.9513647208963851,0
102,0,9,30,59,63,18,3,4,1.0,179,0.8280827874276363,0
103,0,2,7,8,56,12,3,4,0.0,85,0.8088583882477469,0
104,0,1,5,32,65,19,3,4,0.0,122,0.7679574564597841,0
105,0,1,6,54,108,27,3,4,0.0,196,0.7407568038140383,0
106,0,1,6,15,16,34,4,5,1.0,72,1.112462169885163,0
107,0,0,20,41,23,0,3,3,0.0,84,0.791455254837655,0
108,32,58,121,244,104,23,2,3,1.0,582,1.3286692394561128,0
109,0,1,8,9,38,32,4,4,0.0,88,1.0281407191216851,0
110,2,1,29,93,82,31,3,3,0.0,238,0.8821352054474619,0
111,0,0,2,9,27,6,3,4,0.0,44,0.6669079854566383,0
112,4,38,110,195,114,7,2,3,0.0,468,0.9042463277752751,0
113,53,37,37,67,45,8,2,3,1.4142135623730951,247,1.8117586175981806,0
114,0,1,10,29,66,13,3,4,0.0,119,0.8084163224854741,0
115,1,0,22,147,53,1,3,3,0.0,224,0.5979323995990332,0
116,5,6,31,81,92,15,3,4,1.0,230,1.0378250894750731,0
117,0,1,7,72,184,33,3,4,0.0,297,0.7946826125876736,0
118,0,3,1,33,98,27,3,4,0.0,162,0.9476178307186456,0
119,0,15,43,137,98,16,3,3,0.0,309,0.8064596407602233,0
120,0,0,3,15,26,16,3,4,0.0,60,1.0520147513925635,0
121,8,6,26,83,156,71,3,4,1.0,350,1.028897806760064,0
122,0,1,3,28,86,45,4,4,0.0,163,0.8941876855259686,0
123,26,27,57,101,80,8,2,3,1.0,299,1.352896263524998,0
124,0,0,13,22,26,6,3,4,0.0,67,0.7323653130217788,0
125,6,13,11,40,49,11,3,4,1.0,130,1.1089318549672564,0
126,6,32,206,257,177,18,2,3,0.0,696,0.8387985626131876,0
127,0,0,34,205,361,81,3,4,0.0,681,0.7873170946476037,0
128,0,0,3,13,8,0,3,3,0.0,24,0.7998935204777765,0
129,1,1,8,79,258,41,3,4,0.0,388,0.824649842294051,0
130,0,1,1,23,15,28,4,5,0.0,68,1.1493847262345953,0
131,0,1,50,242,160,34,3,3,0.0,487,0.6495969615496698,0
132,1,0,6,97,75,36,3,3,0.0,215,0.9209010993851129,0
133,0,13,35,135,80,3,3,3,0.0,266,0.8167931893653151,0
134,0,2,33,89,88,9,3,3,0.0,221,0.7710469905048518,0
135,0,3,16,64,58,27,3,3,0.0,168,0.8549075368629574,0
136,0,3,5,51,74,11,3,4,0.0,144,0.7109417273567485,0
137,0,7,11,23,23,31,3,5,1.0,95,1.303394975793759,1
138,26,36,29,48,37,26,2,3,1.4142135623730951,202,1.8174242393364213,0
139,0,3,11,29,24,16,3,3,1.0,83,1.0793974405913278,0
140,0,0,2,7,6,1,3,3,0.0,16,0.6403494916470248,0
141,0,1,5,51,124,7,3,4,0.0,188,0.5955091064436671,0
142,0,12,15,31,24,27,3,3,1.0,109,1.2239983553806655,0
143,0,0,1,6,40,2,3,4,0.0,49,0.4635024548656675,0
144,9,26,48,69,42,6,2,3,1.0,200,1.129055038831849,0
145,9,11,21,68,123,18,3,4,1.0,250,1.0857038072363407,0
146,0,3,74,160,197,67,3,4,0.0,501,0.7299786088090081,0
147,0,1,2,15,23,13,3,4,0.0,54,0.9067428275683317,1
148,102,103,44,99,104,14,2,4,1.4142135623730951,466,2.064872199791874,0
149,0,8,15,69,54,37,3,3,1.0,183,1.0522825666258913,0
150,0,7,3,8,8,20,3,5,1.4142135623730951,46,1.49749789481686,1
151,11,55,91,77,29,4,2,2,1.0,267,1.4458979367097347,0
152,0,10,18,47,40,37,3,3,1.0,152,1.2037364402998039,1
153,0,0,1,10,22,4,3,4,0.0,37,0.7501481053594263,0
154,4,13,29,74,78,16,3,4,1.0,214,0.9276988952812922,0
155,0,1,18,34,27,5,3,3,0.0,85,0.8924659815959382,0
156,0,0,0,2,4,0,3,4,0.0,6,0.9569632239318864,0
157,1,3,12,39,65,6,3,4,0.0,126,0.8038460322756147,0
158,0,0,3,45,69,8,3,4,0.0,125,0.5733637921209267,0
159,0,2,9,15,9,3,3,3,1.0,38,0.8737856036016637,0
160,3,6,5,16,52,35,3,4,1.0,117,1.4427297144379694,0
161,0,14,97,183,96,12,2,3,0.0,402,0.764584084582865,0
162,0,0,0,16,11,10,3,3,0.0,37,0.8483116194870349,0
163,0,0,3,38,62,39,3,4,0.0,142,0.7687961814024392,0
164,0,3,1,16,13,16,3,3,1.0,49,1.185976937876792,0
165,1,6,26,47,77,60,3,4,1.0,217,0.9784770507723262,0
166,0,11,27,89,61,11,3,3,0.0,199,0.8164120662241962,1
167,1,0,5,60,97,0,3,4,0.0,163,0.6063364346093421,0
168,0,3,12,116,76,0,3,3,0.0,207,0.5625616908849942,0
169,0,0,4,10,15,20,4,5,0.0,49,1.0140930573204854,0
170,0,7,44,102,82,20,3,3,0.0,255,0.8607155520214225,0
171,1,1,8,33,57,10,3,4,0.0,110,0.7633991627620168,0
172,0,0,1,6,32,35,4,5,0.0,74,1.064201677069773,0
173,0,70,221,227,92,30,2,3,1.0,640,0.9167039463672426,0
174,0,1,1,13,45,34,4,4,0.0,94,0.8662296410262101,0
175,1,0,3,42,139,70,4,4,0.0,255,1.0120595505686512,0
176,0,0,3,25,29,7,3,4,0.0,64,0.6226639130117919,0
177,0,0,7,13,24,32,4,5,0.0,76,1.0431637031565437,0
178,0,6,40,170,183,5,3,4,0.0,404,0.5000556105769074,0
179,0,10,18,42,60,25,3,4,1.0,155,1.0393368631095075,1
180,0,0,30,165,111,18,3,3,0.0,324,0.6520683233232558,0
181,11,50,174,284,132,26,2,3,1.0,677,1.0777083400019583,0
182,0,1,24,118,105,71,3,3,0.0,319,0.8239000254252203,0
183,0,74,173,171,27,0,2,2,0.0,445,1.2320052350987047,0
184,1,3,7,17,48,20,3,4,1.0,96,1.1151591385322102,0
185,0,0,13,120,100,6,3,3,0.0,239,0.5910613754104662,1
186,23,45,62,87,63,41,2,3,1.4142135623730951,321,1.2862412854041159,0
187,1,7,13,11,9,58,3,5,1.4142135623730951,99,1.5690216898696172,0
188,0,3,4,8,11,1,3,4,1.0,27,1.0596954239632272,0
189,0,3,13,47,47,0,3,3,0.0,110,0.8091252914327633,0
190,6,15,40,45,68,36,3,4,1.0,210,1.3146462477447938,0
191,0,0,0,0,10,7,4,4,0.0,17,0.7038273544086386,0
192,0,0,14,143,62,57,3,3,0.0,276,0.8422855938679148,0
193,0,1,4,13,5,16,3,5,1.0,39,1.3401969668961424,0
194,0,4,7,29,53,56,4,5,1.0,149,1.039485832430431,1
195,25,77,111,78,28,1,2,2,1.0,320,1.6316817614166341,0
196,0,0,4,16,38,22,3,4,0.0,80,0.8193197546735439,0
197,0,0,12,35,47,17,3,4,0.0,111,0.8697105748103532,0
198,0,1,32,142,324,108,3,4,0.0,607,0.8479036007580343,0
199,0,1,28,121,113,6,3,3,0.0,269,0.6611336582408431,0
200,19,12,15,45,55,7,2,4,1.4142135623730951,153,1.5827519090838171,0
201,0,0,0,9,60,19,4,4,0.0,88,0.7824678224177203,0
202,3,17,36,115,121,15,3,4,0.0,307,0.9992412382350111,0
203,0,3,10,9,25,6,3,4,1.0,53,1.0145620247761988,0
204,0,0,0,15,67,4,3,4,0.0,86,0.45309078277536646,0
205,0,0,0,0,15,17,4,5,0.0,32,0.8319629956187342,0
206,0,0,2,11,34,10,3,4,0.0,57,0.9038629738483205,0
207,0,0,6,18,12,2,3,3,0.0,38,0.6544086843735538,0
208,0,0,3,43,30,39,3,3,0.0,115,1.4071650302551206,0
209,0,0,0,4,3,5,4,5,0.0,12,1.2216670346227052,0
210,0,12,28,49,82,22,3,4,1.0,193,0.9715421821353475,0
211,4,8,19,58,46,34,3,3,1.0,169,1.109309147002296,0
212,0,1,0,8,15,15,4,4,0.0,39,1.169891946362704,0
213,1,3,11,117,158,15,3,4,0.0,305,0.6994139241944249,0
214,1,1,5,32,11,4,3,3,0.0,54,1.127327203723421,0
215,6,27,37,97,177,102,3,4,1.0,446,1.3710126889216627,0
216,1,4,8,38,28,13,3,3,1.0,92,0.8848284692161525,0
217,0,1,7,20,14,6,3,3,0.0,48,0.9353481902098738,0
218,4,40,100,250,167,39,3,3,1.0,600,0.9553405924074682,0
219,0,8,47,76,96,7,3,4,0.0,234,0.7127509533963913,0
220,2,4,14,12,19,16,3,4,1.0,67,1.338255131859391,0
221,0,2,4,13,34,17,3,4,0.0,70,0.8527875227002784,0
222,0,0,0,66,101,11,3,4,0.0,178,0.5405696638193802,0
223,0,3,5,10,12,0,3,4,0.0,30,1.1773749307871588,0
224,0,0,2,9,45,43,4,4,0.0,99,0.9733783139284601,0
225,0,1,5,7,10,2,3,4,1.0,25,0.9239060677897464,0
226,0,0,3,11,12,0,3,4,0.0,26,0.7550523870338601,0
227,0,0,1,7,23,62,4,5,0.0,93,1.6338419509552535,0
228,8,31,92,189,23,2,2,3,0.0,345,1.0776502246830175,0
229,0,6,1,21,20,11,3,3,1.0,59,0.9142435072728392,0
230,0,13,44,57,58,25,3,4,1.0,197,0.9808861083419039,0
231,2,3,4,2,5,37,4,5,1.4142135623730951,53,1.5087973340390362,0
232,2,2,40,81,38,0,2,3,0.0,163,0.9165996545694689,0
233,0,0,1,40,18,8,3,3,0.0,67,0.8241778953306989,0
234,2,47,142,252,153,16,2,3,0.0,612,0.886997811357919,0
235,0,0,4,21,42,5,3,4,0.0,72,0.7241487020209394,0
236,0,0,0,8,9,11,4,5,0.0,28,1.2403127221737067,0
237,1,5,17,148,119,12,3,3,0.0,302,0.6414922596588809,0
238,0,0,16,77,152,210,4,5,0.0,455,1.1154677077973627,0
239,0,0,1,12,27,13,3,4,0.0,53,0.9929662977532933,0
240,0,1,6,8,11,6,3,4,1.0,32,1.095633921061707,1
241,0,2,6,36,42,45,3,5,0.0,131,1.0911579343729239,0
242,0,1,3,11,13,28,4,5,1.0,56,1.0539473078143162,0
243,10,44,74,79,49,11,2,3,1.0,267,1.4734287414401286,0
244,0,1,4,28,63,36,3,4,0.0,132,0.7845923422857223,0
245,0,0,4,38,99,35,3,4,0.0,176,0.7167234003370941,0
246,0,28,11,47,59,70,3,5,1.0,215,1.3629498671482596,1
247,0,3,3,6,16,9,3,4,1.0,37,0.9021237471697036,1
248,1,2,3,10,28,7,3,4,1.0,51,1.0026186146749105,0
249,5,26,98,184,271,47,3,4,1.0,631,0.8056293319387767,0
250,0,7,76,209,226,49,3,4,0.0,567,0.6894089580639309,0
251,0,0,0,3,1,0,3,3,0.0,4,0.5469960463177111,0
252,0,0,1,76,161,143,4,4,0.0,381,0.9935917404975289,0
253,0,6,14,16,39,9,3,4,1.0,84,1.0420719007807264,0
254,6,3,19,40,53,57,3,5,1.0,178,1.1679818289177293,0
255,0,23,0,15,3,4,2,1,1.0,45,1.483119896591704,0
256,0,7,20,66,68,10,3,4,0.0,171,0.7808514926001474,0
257,1,8,16,41,129,38,3,4,0.0,233,0.9126624344754846,0
258,2,13,11,59,75,9,3,4,1.0,169,0.9284329189095222,0
259,0,0,0,6,25,10,4,4,0.0,41,0.7689557036812338,0
260,0,8,15,75,111,38,3,4,0.0,247,0.9063979831355052,1
261,0,0,1,2,5,23,4,5,0.0,31,1.109949920949327,0
262,1,1,11,39,70,31,3,4,0.0,153,1.0809307438482094,0
263,0,7,42,189,173,3,3,3,0.0,414,0.7052218174735712,0
264,0,0,3,9,55,14,3,4,0.0,81,0.738320128216755,0
265,0,2,11,99,101,12,3,4,0.0,225,0.7671151193845318,0
266,0,0,3,23,61,13,3,4,0.0,100,0.6290834783661944,0
267,0,12,69,99,140,54,3,4,1.0,374,0.827651814971363,0
268,1,2,6,28,19,5,3,3,0.0,61,0.9951374431703129,0
269,0,8,105,117,22,0,2,3,0.0,252,0.9937345752802463,0
270,7,59,91,92,43,13,2,3,1.0,305,1.2883531076335026,0
271,0,1,2,14,10,17,3,5,1.0,44,1.3078981824614289,1
272,0,0,0,51,112,31,3,4,0.0,194,0.686933335579597,0
273,0,1,31,114,101,16,3,3,0.0,263,0.6909227896462405,0
274,0,8,46,154,71,10,3,3,0.0,289,0.7556719347194243,0
275,13,31,20,26,30,37,2,5,1.4142135623730951,157,1.563325915152305,0
276,0,7,7,19,30,22,3,4,1.0,85,1.1433522200225816,1
277,0,1,0,46,17,12,3,3,0.0,76,0.6772887440617538,0
278,0,0,0,6,28,26,4,4,0.0,60,0.9926035575060397,0
279,0,2,12,85,71,46,3,3,0.0,216,0.8416196966216659,0
280,5,41,178,245,51,4,2,3,0.0,524,0.9362495308935136,0
281,1,2,16,53,111,108,4,4,0.0,291,1.1170067995524557,0
282,0,1,5,40,34,23,3,3,0.0,103,0.8939117015998851,0
283,23,38,75,105,48,23,2,3,1.0,312,1.3991556962463867,0
284,0,0,1,33,20,10,3,3,0.0,64,0.662574340295194,0
285,0,7,7,33,18,12,3,3,1.0,77,0.9453796036492443,0
286,0,0,6,38,78,3,3,4,0.0,125,0.6070250959020069,0
287,0,9,128,233,41,14,2,3,0.0,425,0.8010247055261488,0
288,1,0,0,0,5,13,4,5,1.0,19,1.1622101731393912,0
289,0,0,0,11,47,28,4,4,0.0,86,0.9041030068691113,0
290,0,1,14,58,103,27,3,4,0.0,203,0.7664965365571421,0
291,1,3,24,82,52,4,3,3,0.0,166,0.7022817005343667,0
292,3,12,113,279,225,41,3,3,0.0,673,0.9258193534407078,0
293,0,0,1,27,139,33,4,4,0.0,200,0.8339210105018305,0
294,1,14,10,30,38,0,2,4,1.0,93,0.9053548378120994,0
295,0,2,10,28,31,24,3,4,1.0,95,0.9440752891530485,0
296,0,2,3,5,3,0,2,3,1.0,13,1.3489527151868357,0
297,0,0,30,89,128,9,3,4,0.0,256,0.6334712917353672,0
298,2,0,0,11,36,11,3,4,0.0,60,0.8984946122203427,0
299,1,1,7,66,184,27,3,4,0.0,286,0.7964463474705228,0
300,2,8,119,306,176,29,3,3,0.0,640,0.7080927006633265,0
301,0,1,0,2,8,11,4,5,0.0,22,1.3722937085923363,0
302,0,5,17,72,130,82,3,4,0.0,306,0.8129335031431134,1
303,0,0,0,61,222,49,3,4,0.0,332,0.9273042434843158,0
304,0,0,21,133,211,32,3,4,0.0,397,0.536005083493776,0
305,0,6,16,30,52,24,3,4,1.0,128,1.0209807293791326,0
306,2,18,53,145,18,0,2,3,0.0,236,1.0432383875600906,0
307,0,0,5,18,8,6,3,3,0.0,37,0.7372090135055085,0
308,0,4,6,5,12,34,4,5,1.0,61,1.256695812718491,1
309,18,57,23,28,36,11,2,1,1.4142135623730951,173,1.7634510943157997,0
310,0,0,2,18,28,17,3,4,0.0,65,0.9056090802608652,0
311,0,2,7,78,102,2,3,4,0.0,191,0.5560612359506244,0
312,0,16,124,120,101,85,3,2,1.0,446,1.0192272384260177,0
313,1,6,17,78,226,276,4,5,0.0,604,1.1870477915989868,0
314,0,0,5,33,60,19,3,4,0.0,117,1.08916825976577,0
315,0,0,45,254,65,6,3,3,0.0,370,0.6028995542132842,0
316,0,0,2,23,119,24,3,4,0.0,168,0.7250883476475722,0
317,0,2,0,1,9,12,4,5,1.0,24,1.3492865521849644,0
318,0,0,0,4,49,20,4,4,0.0,73,1.0471430748349007,0
319,0,0,3,7,78,44,4,4,0.0,132,1.1016278196282414,0
320,13,19,22,25,55,24,3,4,1.4142135623730951,158,1.3296330941574712,0
321,0,18,47,82,58,2,2,3,0.0,207,1.0661183715114102,0
322,0,0,1,15,33,20,4,4,0.0,69,0.7864865625767634,0
323,0,21,70,177,79,63,3,3,1.0,410,0.985621671344894,0
324,0,0,3,9,9,2,3,4,0.0,23,0.8593361909259705,0
325,1,7,73,126,130,25,3,4,0.0,362,0.7346995191375427,0
326,0,7,24,116,160,29,3,4,0.0,336,0.6979716661932686,0
327,0,21,47,97,174,77,3,4,1.0,416,0.9430979285254848,0
328,0,3,66,318,150,8,3,3,0.0,545,0.6407242890204305,0
329,0,1,1,15,94,41,4,4,0.0,152,0.8823811734634335,0
330,0,0,0,10,61,8,3,4,0.0,79,0.52728603135725,0
331,0,0,1,52,125,36,3,4,0.0,214,0.6812504257760457,0
332,8,22,48,160,140,30,3,3,1.0,408,0.9101411941216937,0
333,0,5,23,62,52,13,3,3,0.0,155,0.8247501474509614,0
334,0,6,7,13,18,4,3,4,1.0,48,1.223565682169403,1
335,0,0,1,23,127,15,3,4,0.0,166,0.6818737828595278,0
336,0,0,19,34,46,9,3,4,0.0,108,0.880425422791856,0
337,0,4,4,16,16,1,3,3,0.0,41,0.8193464235963159,0
338,3,9,22,11,53,43,3,4,1.0,141,1.1715929328664287,0
339,0,3,2,27,24,26,3,3,1.0,82,1.0088521179631222,0
340,10,19,39,57,56,25,2,3,1.0,206,1.239189223769051,0
341,0,15,24,52,49,49,3,3,1.0,189,1.0685041199011536,0
342,0,0,1,2,21,59,4,5,0.0,83,1.175187229521825,0
343,1,0,8,30,23,0,3,3,0.0,62,0.85913844338906,0
344,0,1,24,49,114,8,3,4,0.0,196,0.6607865738893451,0
345,0,2,33,143,129,6,3,3,0.0,313,0.5296213767796333,0
346,0,1,4,10,38,16,3,4,0.0,69,1.018530375805977,0
347,0,2,34,150,111,27,3,3,0.0,324,0.7586307957156274,0
348,0,0,2,3,35,12,4,4,0.0,52,0.7494784837612408,0
349,0,5,18,52,70,47,3,4,1.0,192,0.9470803140378181,0
350,3,13,73,198,160,50,3,3,0.0,497,0.7962327764837164,0
351,1,3,25,65,63,21,3,3,0.0,178,0.7321777486288179,0
352,0,1,1,7,40,9,3,4,0.0,58,0.8268411360008737,0
353,4,2,7,15,11,15,3,3,1.4142135623730951,54,1.577373125362145,0
354,1,9,24,88,70,15,3,3,0.0,207,0.8606196571084561,0
355,0,0,2,13,42,6,3,4,0.0,63,0.8759369814187304,0
356,0,1,12,19,36,42,3,5,1.0,110,1.133641064865282,0
357,11,50,87,89,45,18,2,3,1.0,300,1.2175981735840913,0
358,0,0,0,7,27,10,4,4,0.0,44,0.8303567613221184,0
359,0,0,0,12,29,27,4,4,0.0,68,1.1859628942897231,0
360,3,8,11,82,122,8,3,4,0.0,234,0.8777827454337213,0
361,3,10,33,130,105,26,3,3,0.0,307,0.8514272113471182,0
362,0,5,24,93,112,16,3,4,0.0,250,0.6661899988254801,0
363,5,24,62,98,90,18,3,3,1.0,297,0.8781390386123968,0
364,1,2,4,4,7,0,2,4,1.0,18,1.2912001102031208,0
365,0,0,0,0,13,19,4,5,0.0,32,1.3943845698735804,0
366,0,4,53,211,189,123,3,3,0.0,580,0.8916808315211737,0
367,1,7,42,182,335,41,3,4,0.0,608,0.7869933341085479,0
368,1,4,37,104,61,25,3,3,0.0,232,0.8417490601934828,0
369,0,4,16,27,35,18,3,4,1.0,100,1.0553885464368802,1
370,3,6,33,172,168,25,3,3,0.0,407,0.6664151454465019,0
371,1,3,17,107,83,19,3,3,0.0,230,0.8679021696091243,0
372,2,5,25,57,80,133,4,5,1.0,302,1.1681119416419696,0
373,0,4,7,5,25,19,3,4,1.0,60,1.2384204003261174,0
374,1,2,5,39,34,9,3,3,0.0,90,0.8476021707428163,0
375,0,6,14,32,13,1,2,3,0.0,66,1.0716656819348502,0
376,2,4,36,53,24,1,2,3,0.0,120,1.1073209325994406,0
377,0,0,0,3,25,6,4,4,0.0,34,0.7638095121899969,0
378,0,41,27,27,43,62,3,5,1.4142135623730951,200,1.3445121024929723,0
379,0,0,0,5,13,26,4,5,0.0,44,0.9958084878637435,0
380,0,6,12,64,54,19,3,3,0.0,155,0.8475839781039705,0
381,0,0,1,55,106,10,3,4,0.0,172,0.6274419764097499,0
382,19,2,7,15,14,2,2,0,1.4142135623730951,59,1.9736152737860482,0
383,0,2,10,22,26,20,3,4,1.0,80,0.8935871746675308,1
384,50,15,15,44,24,12,2,0,1.4142135623730951,160,2.0637533563003045,0
385,0,1,0,20,39,18,3,4,0.0,78,0.9223808484422168,0
386,0,0,5,29,18,40,4,5,0.0,92,1.0822103821042213,0
387,1,0,1,15,13,5,3,3,0.0,35,0.8770934941367752,0
388,0,10,23,111,161,60,3,4,0.0,365,0.8286328458389197,1
389,0,0,2,2,8,5,3,4,0.0,17,0.934510146174339,0
390,0,13,75,214,114,27,3,3,0.0,443,0.6762158066572703,0
391,6,22,43,88,114,18,3,4,1.0,291,0.9834395806135979,0
392,0,8,40,43,18,6,2,3,0.0,115,1.114781471070991,0
393,0,5,0,8,5,49,4,5,1.0,67,1.6490496323680237,1
394,0,2,2,7,8,2,3,4,1.0,21,1.061069315634765,0
395,0,1,3,10,27,15,3,4,0.0,56,0.973131051200916,1
396,1,1,2,13,16,12,3,4,1.0,45,0.8802472410189844,0
397,1,0,0,0,4,3,3,4,1.4142135623730951,8,1.6479284344813905,0
398,0,0,37,44,6,2,2,3,0.0,89,1.0312243224131006,0
399,0,1,2,28,19,9,3,3,0.0,59,0.7967267549894537,0
400,0,4,15,18,28,17,3,4,1.0,82,1.137646170301937,1
401,6,14,48,76,35,19,2,3,1.0,198,1.172348226446957,0
402,0,0,11,157,185,0,3,4,0.0,353,0.4210879378520667,0
403,0,9,11,19,43,4,3,4,1.0,86,1.0816825603453581,1
404,11,38,84,119,88,40,2,3,1.0,380,1.2040928740394092,0
405,0,8,24,36,56,12,3,4,1.0,136,0.9634663060559756,0
406,0,1,33,90,13,0,2,3,0.0,137,0.6606966619942324,0
407,0,0,5,40,43,0,3,4,0.0,88,0.6173790138423266,0
408,0,4,6,25,25,12,3,4,1.0,72,1.0354785556775385,1
409,0,1,1,3,3,2,3,3,1.0,10,1.1297180964095495,0
410,0,1,5,12,6,2,3,3,0.0,26,0.8720057226610015,0
411,0,10,21,63,82,20,3,4,0.0,196,0.9113222231890956,1
412,0,0,1,17,15,2,3,3,0.0,35,0.6512463020450425,0
413,0,2,10,120,96,11,3,3,0.0,239,0.6646561806644785,0
414,0,5,17,30,31,16,3,4,1.0,99,1.0528681886208946,0
415,0,0,3,4,58,44,4,4,0.0,109,1.2536412751047739,0
416,0,22,57,149,112,87,3,3,1.0,427,0.9069405455684842,0
417,2,34,89,161,62,4,2,3,0.0,352,0.9947744845432138,0
418,6,31,43,55,59,21,2,4,1.0,215,1.3383821686723854,0
419,0,0,4,60,65,36,3,4,0.0,165,0.9381678107255704,0
420,0,2,4,14,18,18,3,5,1.0,56,1.0660206985203902,1
421,0,2,11,80,134,56,3,4,0.0,283,0.7809396135734722,0
422,12,5,48,218,270,15,3,4,0.0,568,0.8047895745236938,0
423,8,26,34,63,87,7,2,4,1.0,225,1.201876641376037,0
424,0,4,13,20,52,11,3,4,0.0,100,0.990910850710562,0
425,0,0,9,26,20,15,3,3,0.0,70,0.9613916331336724,0
426,0,5,45,107,63,11,3,3,0.0,231,0.8321178570462766,0
427,0,7,86,162,126,47,3,3,0.0,428,0.8995294021653718,0
428,1,0,5,50,75,18,3,4,0.0,149,0.84083547963842,0
429,0,8,19,45,41,51,3,5,1.0,164,1.0296466296558526,0
430,0,0,0,0,0,7,5,5,0.0,7,1.6662260030691403,0
431,1,6,15,28,22,9,3,3,1.0,81,1.0180253499365903,0
432,0,2,40,154,179,44,3,4,0.0,419,0.7504197419025074,0
433,0,21,24,58,47,45,3,3,1.0,195,1.159444154962699,0
434,0,2,3,19,28,15,3,4,0.0,67,0.8311887248805649,0
435,0,17,48,92,118,87,3,4,1.0,362,0.9019330086499414,0
436,0,1,14,22,55,28,3,4,0.0,120,0.9370549655659737,0
437,0,99,100,223,399,19,3,4,1.0,840,0.8982538024349748,0
438,0,0,1,13,15,6,3,4,0.0,35,0.8133934456976507,0
439,0,3,4,7,23,3,3,4,1.0,40,0.7814860107402364,0
440,3,8,13,37,96,86,3,4,1.0,243,1.1080534024034128,0
441,0,0,1,22,36,7,3,4,0.0,66,0.6913974413922177,0
442,0,7,17,25,10,11,3,3,1.0,70,1.2060078385274284,0
443,0,1,43,278,243,15,3,3,0.0,580,0.5493500679423675,0
444,0,6,9,50,142,98,4,4,0.0,305,1.0123315053505562,0
445,0,6,26,64,20,0,2,3,0.0,116,0.8798479694638529,0
446,3,3,6,19,107,67,4,4,0.0,205,1.13743879917948,0
447,0,0,1,7,79,4,3,4,0.0,91,0.5315513068071431,0
448,0,2,2,27,292,10,3,4,0.0,333,0.5525462795122006,0
449,1,27,36,68,62,43,3,3,1.0,237,1.1145817468339256,0
450,0,0,3,16,15,9,3,3,0.0,43,0.8177597615638067,0
451,22,35,66,133,75,31,2,3,1.0,362,1.239059865441536,0
452,0,2,19,139,59,4,3,3,0.0,223,0.5373324848608434,0
453,1,5,4,14,21,5,3,4,1.0,50,1.3145220731461564,0
454,0,5,18,39,34,8,3,3,0.0,104,0.9994114970879661,1
455,0,1,6,67,54,40,3,3,0.0,168,0.8007417565382468,0
456,0,32,38,102,14,13,2,3,1.0,199,1.1971976673222458,0
457,0,1,0,17,25,30,4,5,0.0,73,0.8814356609395262,0
458,0,0,1,18,37,23,4,4,0.0,79,0.8838392141697156,0
459,0,1,20,40,61,42,3,4,0.0,164,0.986241038772518,0
460,0,4,12,59,75,33,3,4,0.0,183,0.8138432354994525,0
461,0,1,1,4,6,11,4,5,1.0,23,1.3504931909027933,0
462,0,2,50,181,98,10,3,3,0.0,341,0.5977405793927723,1
463,0,8,7,43,49,22,3,4,1.0,129,0.9623514167625894,1
464,6,2,14,40,42,9,3,4,1.0,113,1.1964422610601453,0
465,0,1,11,19,45,9,3,4,0.0,85,0.7507105488281566,0
466,0,0,0,5,6,2,3,4,0.0,13,0.9503233132499443,0
467,0,5,54,235,150,48,3,3,0.0,492,0.7126399343197594,0
468,1,2,48,148,253,52,3,4,0.0,504,0.7579427852079824,0
469,0,5,49,142,110,16,3,3,0.0,322,0.6069033779717377,0
470,10,4,24,27,23,9,2,3,1.0,97,1.66111265132387,0
471,0,0,44,125,55,0,3,3,0.0,224,0.7719624489204371,0
472,0,0,1,45,31,12,3,3,0.0,89,0.6123400475584321,0
473,0,2,3,4,31,15,3,4,0.0,55,1.0629282157134217,0
474,0,4,10,5,3,6,2,2,1.0,28,1.7108188785047589,1
475,1,6,27,51,84,13,3,4,0.0,182,0.9647097889507462,0
476,4,32,24,37,40,4,2,4,1.0,141,1.255569985521228,0
477,0,3,37,136,140,17,3,4,0.0,333,0.6598122789507216,0
478,0,2,2,24,39,79,4,5,0.0,146,1.082243200201681,0
479,0,6,35,97,86,31,3,3,0.0,255,0.8500837878597695,0
480,0,0,4,17,24,19,3,4,0.0,64,1.1107642557037356,0
481,0,2,8,90,142,6,3,4,0.0,248,0.6043472077480151,1
482,0,39,80,82,81,36,2,3,1.0,318,1.05053781382049,0
483,0,0,1,2,2,14,4,5,0.0,19,1.8076379085945236,0
484,0,0,1,9,8,5,3,3,0.0,23,1.0554122792399236,0
485,0,1,6,13,23,8,3,4,0.0,51,1.0747303576775367,0
486,0,0,0,1,3,12,4,5,0.0,16,1.214850265883677,0
487,0,0,12,50,71,16,3,4,0.0,149,0.6531678412017691,0
488,2,2,2,3,14,13,3,4,1.4142135623730951,36,1.3811913335463795,0
489,0,28,35,30,14,4,2,2,1.0,111,1.3314195132500046,1
490,3,8,8,57,147,93,3,4,0.0,316,1.0676553289072346,0
491,1,4,10,25,47,8,3,4,1.0,95,0.974569367523021,0
492,0,4,21,57,50,4,3,3,0.0,136,0.849378772615058,0
493,1,3,13,78,45,6,3,3,0.0,146,0.8135935442333296,0
494,0,33,54,124,121,55,3,3,1.0,387,0.8799276511986395,0
495,0,0,7,138,70,7,3,3,0.0,222,0.5983935138588856,1
496,0,3,2,10,26,9,3,4,1.0,50,0.8575110575691113,0
497,0,5,5,17,32,24,3,4,1.0,83,1.0598582492805901,1
498,3,12,85,218,123,12,3,3,0.0,453,0.7124600862496488,0
499,0,0,4,3,11,5,3,4,1.0,23,1.014292655077007,0
500,0,2,85,234,95,14,3,3,0.0,430,0.779979980215201,0
501,2,4,4,29,16,0,2,3,0.0,55,0.9499281694691106,0
502,0,3,11,26,33,28,3,4,1.0,101,1.0302490701727771,1
503,0,3,5,14,23,16,3,4,1.0,61,1.2107315626095008,0
504,0,3,5,49,71,14,3,4,0.0,142,0.8120500816219854,0
505,1,2,8,57,87,14,3,4,0.0,169,0.733544954463168,0
506,1,4,32,239,139,16,3,3,0.0,431,0.6734870387361481,0
507,0,3,19,53,18,6,3,3,0.0,99,0.8540786043211764,0
508,0,0,0,2,5,14,4,5,0.0,21,1.1033451129943457,0
509,0,1,11,78,82,34,3,4,0.0,206,0.838143448755741,0
510,0,0,0,36,21,1,3,3,0.0,58,0.6000649331784729,0
511,2,5,6,24,46,14,3,4,1.0,97,1.1996119291409846,0
512,224,136,206,241,64,5,1,3,1.0,876,1.9805845159753257,0
513,0,11,15,35,64,38,3,4,1.0,163,1.0685329185639485,1
514,0,0,1,11,46,2,3,4,0.0,60,0.5286397664454832,0
515,4,13,25,34,36,32,3,4,1.0,144,1.1572247710106165,0
516,0,0,2,9,8,3,3,3,0.0,22,0.7937756788290476,0
517,0,7,10,18,20,18,3,4,1.0,73,1.1838264679087618,0
518,2,1,5,15,77,26,3,4,0.0,126,0.7808982448681708,0
519,12,19,27,52,112,147,3,5,1.0,369,1.479440041629995,0
520,0,0,0,4,5,0,3,4,0.0,9,0.4460360610150211,0
521,7,11,106,259,160,20,3,3,0.0,563,0.8092686996351636,0
522,2,7,30,135,72,15,3,3,0.0,261,0.8072910747587327,0
523,0,5,18,61,108,75,3,4,0.0,267,0.9409764198611682,0
524,0,0,1,14,59,30,4,4,0.0,104,0.9352453884793183,0
525,0,12,34,90,65,4,3,3,0.0,205,0.7651372363864618,1
526,0,5,0,13,12,44,4,5,1.0,74,1.433665673624508,0
527,0,0,1,10,2,5,3,3,0.0,18,1.040645377703988,0
528,0,0,2,11,16,33,4,5,0.0,62,1.0726867292845526,0
529,17,17,50,74,99,53,3,4,1.0,310,1.2055864974007777,0
530,0,5,29,176,164,18,3,3,0.0,392,0.6202168382827756,0
531,0,2,2,5,7,2,3,4,1.0,18,1.0523408847720703,0
532,0,0,1,11,51,13,4,4,0.0,76,0.7120600714401794,0
533,0,9,39,71,78,36,3,4,1.0,233,0.8328392666054983,0
534,0,1,29,68,108,109,3,5,0.0,315,1.0233841005968978,0
535,0,1,8,4,3,0,2,2,0.0,16,1.1487237840853215,0
536,0,1,2,32,25,9,3,3,0.0,69,0.7036893552432634,0
537,0,0,4,19,28,38,4,5,0.0,89,1.0275209560739498,0
538,0,2,2,8,30,58,4,5,0.0,100,1.1563343432514295,0
539,0,0,0,2,19,15,4,4,0.0,36,0.7295644776334076,0
540,1,5,53,182,150,25,3,3,0.0,416,0.7064068362882892,0
541,0,1,12,52,90,89,4,4,0.0,244,0.8914812592899214,0
542,0,0,1,3,4,3,3,4,0.0,11,1.1738269734100408,0
543,0,1,13,53,111,18,3,4,0.0,196,0.6179074254276589,0
544,0,1,14,147,126,21,3,3,0.0,309,0.6161875261965273,0
545,0,0,8,9,14,11,3,4,1.0,42,0.9452349709112249,0
546,0,9,74,194,177,24,3,3,0.0,478,0.717207991667087,0
547,10,15,30,43,23,13,2,3,1.0,134,1.5434386900193722,0
548,1,0,8,70,231,24,3,4,0.0,334,0.7860804120673833,0
549,1,4,39,103,107,27,3,4,0.0,281,0.7159467353357105,0
550,0,2,18,22,8,0,2,3,0.0,50,0.9128678221426076,0
551,1,3,21,134,130,18,3,3,0.0,307,0.7271422667119342,0
552,10,3,9,33,77,9,3,4,1.0,141,1.3384131422602557,0
553,0,1,25,75,87,25,3,4,0.0,213,0.767202714186438,1
554,1,16,36,67,61,11,3,3,1.0,192,0.9723247526497587,0
555,3,11,39,57,156,17,3,4,1.0,283,0.7204443047019647,0
556,0,16,22,14,16,6,2,2,1.0,74,1.4015411914270972,0
557,0,1,2,7,54,19,4,4,0.0,83,0.8501145757300265,0
558,0,1,2,6,7,3,3,4,1.0,19,0.8020401845278187,0
559,3,4,4,4,3,0,2,2,1.0,18,1.6962289802775674,0
560,0,0,13,117,69,3,3,3,0.0,202,0.6057402775608437,0
561,0,2,5,13,53,77,4,5,0.0,150,1.3229195593496257,0
562,0,1,6,17,68,48,4,4,0.0,140,1.0000333073504748,0
563,0,22,43,113,78,31,3,3,1.0,287,0.8830359802672266,0
564,0,11,31,118,255,69,3,4,0.0,484,0.8713589497317019,0
565,0,0,0,16,112,21,4,4,0.0,149,0.9559115394936037,0
566,0,7,5,24,45,19,3,4,1.0,100,1.0147726092806213,1
567,0,0,0,7,24,8,4,4,0.0,39,0.6109810675805696,0
568,0,4,43,57,51,45,3,3,1.0,200,0.8963869298407495,0
569,1,3,30,178,88,11,3,3,0.0,311,0.6548106608505749,0
570,46,0,0,0,0,89,3,5,2.23606797749979,135,2.2120511550063267,0
571,39,107,145,124,57,14,2,2,1.0,486,1.3708888639447845,0
572,0,14,17,21,22,13,3,4,1.0,87,1.2443171976278204,0
573,0,4,2,18,17,22,3,5,1.0,63,1.1439429299595865,0
574,0,45,33,71,79,30,3,4,1.0,258,1.251382993528597,1
575,0,1,3,36,8,0,3,3,0.0,48,0.6850138154996589,0
576,0,7,37,72,63,11,3,3,0.0,190,0.8628626808207625,0
577,1,0,5,17,40,40,4,4,0.0,103,1.0626276923086893,0
578,0,1,12,33,66,1,3,4,0.0,113,0.6169561676135524,0
579,1,1,6,23,69,10,3,4,0.0,110,0.7141502210117313,0
580,0,0,2,6,8,19,4,5,0.0,35,0.8574282881883091,0
581,0,7,54,81,111,35,3,4,1.0,288,0.9841371688338347,0
582,0,5,2,10,13,21,3,5,1.0,51,1.3050937377756993,0
583,5,18,45,46,56,2,2,4,1.0,172,1.1460317548859003,0
584,0,2,5,24,25,19,3,4,1.0,75,1.0569005420206605,1
585,1,9,25,90,72,8,3,3,0.0,205,0.8985163614759542,0
586,8,13,23,67,30,7,2,3,1.0,148,1.280254760196294,0
587,1,3,16,85,90,8,3,4,0.0,203,0.7083847008879316,0
588,15,16,2,32,48,13,2,4,1.4142135623730951,126,1.7743810968005782,0
589,0,28,74,142,47,15,2,3,0.0,306,0.9791621398988269,1
590,0,2,3,37,37,36,3,4,0.0,115,0.748836903696612,0
591,0,13,37,106,92,7,3,3,0.0,255,0.8516466370290405,1
592,1,5,10,29,102,78,4,4,0.0,225,1.3545052987043933,0
593,0,3,4,41,15,16,3,3,0.0,79,0.8842227542188253,0
594,3,2,2,11,12,16,3,5,1.4142135623730951,46,1.2749285145524476,0
595,11,16,61,147,117,5,3,3,1.0,357,0.8519230088924924,0
596,0,2,1,8,21,17,4,4,0.0,49,0.9976448539202755,0
597,0,9,17,17,34,27,3,4,1.0,104,1.2828705621176983,1
598,10,67,168,116,46,2,2,2,0.0,409,1.137720384509552,0
599,4,13,73,161,75,12,2,3,0.0,338,0.8187910512171016,0
600,15,20,24,79,90,28,3,4,1.0,256,1.2211841413603683,0
601,0,0,4,5,3,1,3,3,0.0,13,0.8435867163606654,0
602,0,2,4,9,15,5,3,4,1.0,35,0.8970332687407255,0
603,0,0,15,60,157,9,3,4,0.0,241,0.709158774307567,0
604,0,1,2,32,50,6,3,4,0.0,91,0.7313618763143427,0
605,6,9,41,160,197,48,3,4,0.0,461,0.7725750775158139,0
606,0,7,3,17,24,23,3,4,1.0,74,1.1991641033457838,0
607,0,3,10,74,112,6,3,4,0.0,205,0.6169102758206276,1
608,1,14,85,196,96,18,3,3,0.0,410,0.8472317945671196,0
609,0,1,2,19,16,9,3,3,0.0,47,0.8678588758672816,1
610,0,0,2,16,15,16,3,3,0.0,49,0.8760715275003064,0
611,5,3,2,8,9,12,3,5,1.4142135623730951,39,1.627460593163006,0
612,2,3,6,45,150,66,3,4,0.0,272,0.9426383248173967,0
613,0,1,5,52,44,3,3,3,0.0,105,0.6594825332029343,0
614,0,15,40,86,60,11,3,3,0.0,212,1.0680841713951548,1
615,12,32,55,97,54,11,2,3,1.0,261,1.2729470406444834,0
616,0,13,21,46,73,9,3,4,1.0,162,0.914073625710824,1
617,0,4,11,17,29,35,3,5,1.0,96,1.1276874220866138,0
618,0,1,3,15,11,12,3,3,1.0,42,0.9957670736978576,0
619,0,0,2,18,65,5,3,4,0.0,90,0.641637574815024,0
620,0,3,3,67,85,15,3,4,0.0,173,0.624635552002956,0
621,3,8,30,90,234,55,3,4,0.0,420,0.8288935669054499,0
622,0,0,0,6,13,2,3,4,0.0,21,0.7063388529422396,0
623,0,23,55,167,75,14,3,3,0.0,334,0.982149240592318,0
624,0,3,8,31,45,40,3,4,1.0,127,0.9764291082663015,0
625,0,0,1,15,34,7,3,4,0.0,57,0.773343302368598,0
626,0,0,1,20,12,17,3,3,0.0,50,1.0480285276637218,0
627,0,0,1,11,9,2,3,3,0.0,23,0.9090930728144047,0
628,0,29,64,143,74,13,2,3,0.0,323,1.041813814252433,1
629,0,2,24,151,108,31,3,3,0.0,316,0.6519177184176388,0
630,1,0,1,11,42,90,4,5,0.0,145,1.4098280532214844,0
631,0,6,58,228,149,21,3,3,0.0,462,0.7585788401638993,0
632,0,2,3,19,20,7,3,4,0.0,51,0.9191671922471741,0
633,3,6,10,33,81,5,3,4,0.0,138,1.1988976407071292,0
634,7,14,16,43,63,23,3,4,1.0,166,1.2477626958297305,0
635,2,4,7,36,23,27,3,3,1.0,99,1.073552782139746,0
636,1,1,2,10,44,26,4,4,0.0,84,1.0500295707846472,0
637,0,54,85,145,121,49,3,3,1.0,454,0.8993684920201375,0
638,0,1,0,8,13,12,4,4,0.0,34,0.9465852611476906,0
639,0,0,18,42,48,31,3,4,0.0,139,0.8186691935500177,0
640,1,23,101,155,131,8,2,3,0.0,419,0.8618968896069664,0
641,0,4,11,121,44,10,3,3,0.0,190,0.6960569316445812,0
642,0,3,18,52,214,47,3,4,0.0,334,0.7716759403099999,0
643,22,67,216,247,79,10,2,3,1.0,641,1.2082217287293375,0
644,0,9,17,26,30,5,3,4,1.0,87,1.021477455081054,1
645,0,1,11,32,22,7,3,3,0.0,73,0.7939818008063857,0
646,0,0,8,30,53,39,3,4,0.0,130,0.9231773085662498,0
647,2,10,16,30,35,8,3,4,1.0,101,1.0016977499980415,0
648,0,8,1,9,7,11,3,5,1.4142135623730951,36,1.5323691462567801,0
649,1,5,15,23,34,16,3,4,1.0,94,1.2390283016952583,0
650,5,6,10,32,66,48,3,4,1.0,167,1.1243158298172438,0
651,1,2,6,19,30,9,3,4,1.0,67,0.9435264688639403,0
652,0,10,51,38,10,1,2,2,0.0,110,1.2045333967981364,0
653,0,0,3,2,33,17,4,4,0.0,55,0.8364876504271321,0
654,1,1,0,2,1,48,4,5,0.0,53,1.2615337799001785,0
655,0,4,11,77,100,46,3,4,0.0,238,0.8503252273230669,0
656,0,4,26,140,90,4,3,3,0.0,264,0.5866622066082695,0
657,6,1,4,9,9,23,3,5,1.4142135623730951,52,1.5197412478257766,0
658,0,2,3,6,14,3,3,4,1.0,28,0.9214757987829255,0
659,0,2,16,49,52,17,3,4,0.0,136,0.9080324315705908,0
660,0,15,86,122,44,11,2,3,0.0,278,0.9754256771340083,0
661,0,2,10,75,199,31,3,4,0.0,317,0.8262377847851667,0
662,0,5,52,222,103,2,3,3,0.0,384,0.6502126513396884,0
663,1,14,64,190,271,104,3,4,0.0,644,0.9307407919233913,0
664,0,5,9,21,50,0,3,4,0.0,85,1.0185989125941697,0
665,0,1,2,18,29,8,3,4,0.0,58,0.8504203768789459,1
666,0,2,16,70,78,5,3,4,0.0,171,0.6710899731883628,0
667,0,6,29,49,62,85,3,5,1.0,231,1.169781575400748,0
668,0,0,2,5,20,21,4,5,0.0,48,1.0743998140377788,0
669,0,3,18,70,97,54,3,4,0.0,242,0.7783397645356066,0
670,0,2,0,9,14,29,4,5,0.0,54,1.2383728101143052,0
671,1,7,36,59,23,1,2,3,0.0,127,0.9107402620508144,0
672,0,10,40,89,111,73,3,4,1.0,323,0.8004804265550252,0
673,0,13,23,74,124,15,3,4,0.0,249,0.9667404773654936,0
674,0,1,9,34,69,8,3,4,0.0,121,0.6597656010137002,0
675,0,0,0,19,97,55,4,4,0.0,171,1.028412977729214,0
676,1,13,42,111,155,45,3,4,0.0,367,0.8788374928638025,0
677,0,0,8,170,112,7,3,3,0.0,297,0.5750505239764014,0
678,2,1,5,20,109,28,3,4,0.0,165,0.839817461472352,0
679,4,15,65,112,110,61,3,3,1.0,367,0.9538165133255482,0
680,0,0,5,19,31,20,3,4,0.0,75,0.9499032145905246,0
681,0,0,5,78,134,24,3,4,0.0,241,0.6850980881249579,0
682,0,1,5,6,17,3,3,4,0.0,32,0.8961810625144391,0
683,18,33,46,52,36,13,2,3,1.0,198,1.5629774334722946,0
684,0,3,3,12,18,11,3,4,1.0,47,0.9340666047634795,0
685,0,4,23,44,19,5,2,3,0.0,95,0.9703202045607386,0
686,1,19,22,34,23,2,2,3,1.0,101,1.4132213325706828,0
687,11,7,26,80,58,28,3,3,1.0,210,1.160940541149887,0
688,0,1,1,11,12,15,3,5,0.0,40,0.9439875898073736,0
689,0,1,9,51,50,10,3,3,0.0,121,0.7176914625658488,1
690,0,7,17,59,68,18,3,4,0.0,169,0.7408396072951998,0
691,0,2,12,41,65,20,3,4,0.0,140,0.8332145946534275,0
692,0,9,7,37,98,91,4,4,0.0,242,1.1777504196662099,1
693,0,2,4,16,7,1,3,3,0.0,30,0.8720718271387373,0
694,0,3,6,16,9,16,3,3,1.0,50,1.4561329266640708,0
695,12,18,28,49,41,13,2,3,1.0,161,1.4498213645740157,0
696,0,9,7,20,41,84,4,5,1.0,161,1.21901117312676,0
697,0,4,17,181,222,10,3,4,0.0,434,0.7078286606371108,0
698,0,0,5,17,51,5,3,4,0.0,78,0.6080662323512546,0
699,0,0,0,3,10,4,4,4,0.0,17,1.1573323517980936,0
700,0,2,2,14,19,27,4,5,1.0,64,1.6152154745067346,0
701,0,1,6,8,54,33,4,4,0.0,102,0.988675028156489,0
702,9,29,47,49,32,28,2,3,1.0,194,1.470964165963213,0
703,0,2,16,35,72,10,3,4,0.0,135,0.6183810111167195,0
704,0,0,0,8,31,5,3,4,0.0,44,0.5555707561388002,0
705,17,20,30,54,69,30,3,4,1.4142135623730951,220,1.3511198638478545,0
706,11,43,243,412,191,9,2,3,0.0,909,0.8087556251954489,0
707,1,4,15,19,26,9,3,4,1.0,74,1.0645824270296316,0
708,0,1,15,54,156,78,3,4,0.0,304,0.8992911803707783,0
709,1,3,7,29,51,18,3,4,0.0,109,0.8330393356343344,0
710,0,1,2,10,80,57,4,4,0.0,150,0.8695083578783546,0
711,0,11,54,136,110,12,3,3,0.0,323,0.6704445401290016,0
712,1,3,2,4,13,2,3,4,1.0,25,1.2603304797559969,0
713,1,3,2,10,8,1,2,3,1.0,25,1.206572532069871,0
714,0,2,8,34,78,36,3,4,0.0,158,0.9339150885518407,0
715,1,5,26,53,33,6,3,3,0.0,124,1.0612987018213818,0
716,1,11,72,263,109,33,3,3,0.0,489,0.7647582937638777,0
717,0,0,3,13,18,7,3,4,0.0,41,0.6881546515814291,0
718,0,1,24,110,220,37,3,4,0.0,392,0.7576501018360284,1
719,1,2,34,38,11,5,2,3,0.0,91,1.0926790555457904,0
720,0,5,38,73,18,0,2,3,0.0,134,0.847682118234816,0
721,6,10,78,172,109,30,3,3,0.0,405,0.8172343003913382,0
722,48,4,16,70,65,39,2,3,1.4142135623730951,242,1.6508514347653018,0
723,0,0,14,103,233,33,3,4,0.0,383,0.6176843743067749,0
724,0,0,0,15,52,0,3,4,0.0,67,0.3734728246096342,0
725,0,0,0,25,63,3,3,4,0.0,91,0.6474226544966901,0
726,2,8,62,107,128,21,3,4,0.0,328,0.826677329368881,0
727,22,39,42,76,78,30,2,4,1.4142135623730951,287,1.379540368592182,0
728,2,11,30,61,65,41,3,4,1.0,210,1.031053204744652,0
729,0,5,20,84,147,51,3,4,0.0,307,0.8999523896212976,0
730,0,0,3,35,33,24,3,3,0.0,95,1.2752342392401324,0
731,1,1,4,26,37,21,3,4,0.0,90,0.9339966165032605,0
732,0,7,35,106,51,14,3,3,0.0,213,1.0383616642658613,0
733,9,18,25,102,196,82,3,4,1.0,432,1.142288278142182,0
734,0,0,26,140,83,5,3,3,0.0,254,0.6016003984062522,0
735,0,39,73,111,183,65,3,4,1.0,471,1.1599356402531407,0
736,0,1,3,17,32,13,3,4,0.0,66,1.017507783856039,1
737,5,13,42,77,43,9,2,3,1.0,189,0.9863236238225623,0
738,0,0,6,28,39,11,3,4,0.0,84,0.6782544694279252,0
739,3,1,21,97,102,10,3,4,0.0,234,0.8765135335441436,0
740,24,74,89,94,39,10,2,3,1.0,330,1.5475927318926543,0
741,0,0,11,44,48,21,3,4,0.0,124,0.8467324153340338,0
742,0,0,1,4,10,6,4,4,0.0,21,0.8832396030977591,1
743,0,2,3,29,49,57,4,5,0.0,140,1.1346136379052014,1
744,2,49,146,170,157,26,2,3,1.0,550,0.8929019092863528,0
745,0,1,4,18,19,15,3,4,0.0,57,0.9466764380881567,1
746,1,0,20,41,23,3,3,3,0.0,88,0.9966010575720033,0
747,0,1,2,17,44,12,3,4,0.0,76,0.7452689125552583,0
748,0,0,0,8,21,15,4,4,0.0,44,0.9469251347181283,0
749,5,3,2,7,7,65,4,5,1.4142135623730951,89,1.7350799410035398,0
750,0,2,3,32,45,12,3,4,0.0,94,0.7585352965500258,0
751,0,15,24,34,27,22,3,3,1.0,122,1.1675565896800055,0
752,0,2,3,5,34,18,4,4,0.0,62,1.0200926413670726,1
753,1,7,30,78,71,5,3,3,0.0,192,0.7255940933410864,0
754,0,4,7,26,46,10,3,4,0.0,93,0.8245995028163647,0
755,1,3,1,9,23,12,3,4,1.0,49,1.1859697728061458,0
756,2,0,4,29,40,20,3,4,0.0,95,1.0093362342764611,0
757,1,18,53,86,58,6,2,3,0.0,222,0.944999795337942,0
758,2,1,3,7,12,7,3,4,1.0,32,1.4880896491821403,0
759,0,0,4,7,13,9,3,4,0.0,33,0.9991890979699007,0
760,0,2,2,58,130,30,3,4,0.0,222,0.9216068123789225,0
761,0,0,1,34,54,61,4,5,0.0,150,1.0839216708296446,0
762,1,1,61,215,116,33,3,3,0.0,427,0.6130230754443089,0
763,0,1,3,17,43,43,4,5,0.0,107,0.9477164178225944,0
764,0,0,3,36,69,1,3,4,0.0,109,0.6028693160211082,0
765,0,4,7,34,28,8,3,3,0.0,81,0.9626646683289759,1
766,2,4,17,28,59,34,3,4,1.0,144,1.0226380325059532,0
767,0,1,3,9,31,18,4,4,0.0,62,1.0265532515327258,0
768,0,2,47,180,75,3,3,3,0.0,307,0.5693675186794178,0
769,1,10,16,86,89,4,3,4,0.0,206,0.7401333540034862,0
770,0,1,6,12,10,14,3,5,1.0,43,1.067623488000821,0
771,8,32,37,60,57,21,2,3,1.0,215,1.3960902782965368,0
772,0,24,96,193,75,2,2,3,0.0,390,0.9920915170849095,0
773,2,1,4,5,14,6,3,4,1.0,32,1.1819113146425904,0
774,0,3,13,63,139,11,3,4,0.0,229,0.5863808672399364,0
775,0,1,0,5,11,33,4,5,0.0,50,1.0808224387432053,0
776,0,3,12,48,82,32,3,4,0.0,177,0.845479880830679,0
777,0,2,9,60,36,12,3,3,0.0,119,0.6757104268885272,0
778,0,0,1,5,5,6,3,5,0.0,17,0.9676900955290746,0
779,0,8,6,25,15,5,3,3,1.0,59,1.0980644460365265,1
780,4,20,57,130,140,158,3,5,1.0,509,1.1094033968525754,0
781,0,0,6,47,47,2,3,4,0.0,102,0.6722757197220275,0
782,3,12,75,221,57,2,2,3,0.0,370,0.9076116837420345,0
783,0,10,11,52,63,27,3,4,1.0,163,1.0134866478025304,0
784,25,25,43,145,176,26,3,4,1.0,440,1.21729980867992,0
785,0,20,124,383,274,84,3,3,0.0,885,0.8339463842526433,0
786,0,5,46,104,81,12,3,3,0.0,248,0.7933421401490408,0
787,0,4,91,321,180,12,3,3,0.0,608,0.5910921285159962,0
788,0,0,0,1,12,4,4,4,0.0,17,0.9860147574106858,0
789,2,41,141,164,127,33,2,3,1.0,508,1.0938558694632001,0
790,0,2,0,0,2,1,3,1,1.7320508075688772,5,1.6978524248437754,0
791,19,17,37,44,28,5,2,3,1.0,150,1.6464998616348572,0
792,0,2,15,37,18,7,3,3,0.0,79,0.798545789734394,0
793,0,0,0,5,3,4,3,3,0.0,12,0.8073411983486762,0
794,0,0,7,134,96,6,3,3,0.0,243,0.5706456183520152,0
795,0,3,10,84,63,86,3,5,0.0,246,1.0513821861867898,0
796,0,0,3,25,89,96,4,5,0.0,213,1.2731842702580622,0
797,2,2,5,10,16,5,3,4,1.0,40,1.2589272521107833,0
798,6,17,56,155,79,4,2,3,0.0,317,0.8351532623620758,0
799,1,1,4,3,10,1,3,4,1.0,20,1.2710771959471099,0
800,0,9,29,34,53,3,3,4,1.0,128,0.8631981428242675,0
801,18,50,48,43,46,23,2,1,1.4142135623730951,228,1.7932482447096671,0
802,0,1,22,72,47,1,3,3,0.0,143,0.7126238757229062,0
803,0,1,17,69,91,29,3,4,0.0,207,0.715314618109891,0
804,0,10,20,89,70,10,3,3,0.0,199,0.781330687406272,1
805,0,0,4,20,34,22,3,4,0.0,80,1.1792235214192581,0
806,0,1,7,36,81,70,4,4,0.0,195,0.9681270662307351,0
807,0,0,3,7,2,3,3,3,1.0,15,0.9524788055964686,1
808,3,3,17,49,52,11,3,4,1.0,135,0.8727283873600016,0
809,0,3,13,40,50,13,3,4,0.0,119,0.8353605339574444,0
810,0,2,17,30,41,15,3,4,0.0,105,0.8432326875467259,0
811,0,1,7,8,7,12,3,5,1.0,35,1.0916744833975285,0
812,0,0,3,46,93,34,3,4,0.0,176,0.7237074226102664,0
813,0,11,49,173,239,41,3,4,0.0,513,0.734163724038081,0
814,1,5,45,115,96,50,3,3,0.0,312,0.7379040761397219,0
815,0,5,17,99,183,165,4,4,0.0,469,1.0207409219827053,0
816,0,0,3,1,0,3,3,5,1.4142135623730951,7,1.203393494989626,0
817,0,1,3,42,42,1,3,4,0.0,89,0.5849909307461879,0
818,0,3,6,8,1,9,3,5,1.4142135623730951,27,1.2407959105430137,0
819,0,0,8,29,104,85,4,4,0.0,226,1.0051434924861133,0
820,13,10,4,2,2,12,2,0,2.0,43,2.713138488358394,0
821,0,15,10,29,66,15,3,4,1.0,135,0.9741999785143827,1
822,0,1,7,38,42,19,3,4,0.0,107,0.8420141060727938,0
823,0,1,5,20,21,16,3,4,0.0,63,0.9001809593699327,0
824,0,5,24,53,65,36,3,4,1.0,183,0.8900488620208075,0
825,21,51,151,252,107,42,2,3,1.0,624,1.0821325980195322,0
826,0,0,0,2,14,21,4,5,0.0,37,1.1069478818378076,0
827,4,31,376,329,104,7,2,2,0.0,851,0.8945276763199214,0
828,0,41,79,194,160,125,3,3,1.0,599,0.9872007016943387,0
829,0,0,3,14,27,10,3,4,0.0,54,0.7983650009730752,1
830,8,10,54,177,133,64,3,3,1.0,446,1.0151114105604133,0
831,0,30,40,103,92,8,3,3,1.0,273,0.9675662029183463,0
832,2,4,35,31,24,2,2,2,0.0,98,1.1513344058089359,0
833,11,38,115,260,125,15,2,3,0.0,564,0.9872506635311419,0
834,3,17,23,35,66,0,3,4,1.0,144,1.2680620712564037,0
835,0,0,1,10,13,17,4,5,0.0,41,0.9577032363743404,0
836,26,37,47,35,90,26,2,4,1.4142135623730951,261,1.436671380848889,0
837,0,1,13,44,42,23,3,3,0.0,123,1.0641140695566087,0
838,0,2,8,27,39,10,3,4,0.0,86,0.8319563416251321,0
839,0,3,48,157,201,54,3,4,0.0,463,0.78983167592626,0
840,0,3,30,95,75,6,3,3,0.0,209,0.743968059884893,0
841,0,3,2,3,19,76,4,5,0.0,103,1.5463936236978533,0
842,0,0,2,25,45,44,4,4,0.0,116,1.2546769265740478,1
843,0,0,0,3,6,5,4,4,0.0,14,1.1399571892508322,0
844,0,11,35,40,109,16,3,4,1.0,211,0.8785469743250897,0
845,0,2,18,32,14,1,2,3,0.0,67,1.1137110255958809,0
846,0,0,4,78,58,2,3,3,0.0,142,0.538259459010398,0
847,18,14,41,68,107,6,2,4,1.0,254,1.2547601558539383,0
848,4,31,94,188,124,41,3,3,1.0,482,0.9515420925846313,0
849,2,24,71,74,19,5,2,3,0.0,195,1.178817962475075,0
850,3,12,10,12,46,14,3,4,1.0,97,1.1550553802767587,0
851,1,5,20,72,52,0,3,3,0.0,150,0.6438092563079274,0
852,0,0,0,8,8,14,4,5,0.0,30,1.0110886501735008,0
853,0,6,19,52,25,10,3,3,0.0,112,0.9156507609813925,0
854,0,6,22,39,33,18,3,3,1.0,118,1.0300960646581383,0
855,2,4,4,12,11,8,3,3,1.0,41,1.3446191175453746,0
856,0,39,17,8,9,2,1,1,1.0,75,1.9402469593657712,1
857,1,4,21,70,67,9,3,3,0.0,172,0.8423378495564448,0
858,2,7,24,55,67,5,3,4,0.0,160,0.8685951682581124,0
859,0,12,19,70,14,0,2,3,0.0,115,1.1530406941000075,0
860,0,0,16,114,142,28,3,4,0.0,300,0.6466703836263233,0
861,0,3,6,20,19,23,3,5,1.0,71,1.0270917177163101,0
862,0,3,3,14,17,10,3,4,1.0,47,1.1682883347161896,0
863,11,14,31,83,120,39,3,4,1.0,298,1.0365799709556993,0
864,0,0,2,28,19,2,3,3,0.0,51,0.5548051801239433,0
865,0,2,3,23,189,56,4,4,0.0,273,0.8830527687169567,0
866,0,1,1,13,22,41,4,5,0.0,78,1.0319284791927918,0
867,4,12,31,22,31,10,2,2,1.0,110,1.3249483117566758,0
868,0,0,9,115,134,10,3,4,0.0,268,0.5580735352616357,0
869,44,34,65,123,87,177,3,5,1.4142135623730951,530,1.4514132058656608,0
870,0,18,105,146,39,2,2,3,0.0,310,0.879733728016671,1
871,0,0,10,64,120,9,3,4,0.0,203,0.6465481243794794,0
872,0,4,21,90,87,99,3,5,1.0,301,1.2553056335822612,0
873,0,0,8,99,143,12,3,4,0.0,262,0.5494661375440845,0
874,0,1,40,164,107,3,3,3,0.0,315,0.5556294317136792,0
875,0,21,112,180,104,11,2,3,0.0,428,0.8469260830673278,0
876,0,2,4,17,26,20,3,4,1.0,69,1.0413825256473166,1
877,0,1,6,35,58,99,4,5,0.0,199,1.2264119209292699,0
878,3,26,100,154,57,1,2,3,0.0,341,0.9968605293744355,0
879,0,2,2,19,54,3,3,4,0.0,80,0.6155228064289132,0
880,0,3,31,68,154,149,4,4,0.0,405,1.0106852586408661,0
881,0,0,0,5,6,8,4,5,0.0,19,1.277642568093518,0
882,0,0,1,37,82,37,3,4,0.0,157,0.9178600368540419,0
883,0,1,0,12,10,9,3,3,0.0,32,0.9172572059957531,0
884,0,6,16,24,34,4,3,4,1.0,84,1.088250774897428,0
885,0,2,4,17,22,6,3,4,0.0,51,0.9646409748192754,0
886,0,46,26,62,35,13,2,3,1.0,182,1.399550203876754,1
887,0,0,0,4,2,4,4,3,0.0,10,1.1938519610629126,1
888,0,0,1,9,31,12,4,4,0.0,53,0.8481963814241913,0
889,0,0,1,19,45,41,4,4,0.0,106,0.840243222448718,0
890,0,1,5,65,70,3,3,4,0.0,144,0.6163292754401994,0
891,1,9,17,15,14,17,3,2,1.0,73,1.421022499955077,0
892,0,1,0,3,7,0,3,4,0.0,11,0.7578842384444079,0
893,0,0,1,13,46,25,4,4,0.0,85,0.8164926334577164,0
894,0,0,1,50,103,22,3,4,0.0,176,0.6251027869719455,0
895,0,1,9,36,35,10,3,3,0.0,91,0.707972909155142,0
896,0,11,9,22,23,12,3,4,1.0,77,1.2830025498479147,0
897,0,2,19,54,73,57,3,4,0.0,205,0.929837058329328,0
898,0,2,106,80,12,4,2,2,0.0,204,1.0534657740173616,0
899,1,3,52,281,202,14,3,3,0.0,553,0.5750725961491704,0
900,0,0,2,2,8,18,4,5,0.0,30,1.218108128388422,0
901,0,30,66,214,185,46,3,3,0.0,541,0.753842050893892,0
902,6,21,45,70,58,11,2,3,1.0,211,1.1026963157442249,0
903,0,1,15,54,120,17,3,4,0.0,207,0.6488240519483284,0
904,0,2,7,9,15,4,3,4,1.0,37,1.1102366867512876,0
905,0,0,3,20,13,4,3,3,0.0,40,1.0054844187208873,0
906,0,1,3,15,19,7,3,4,0.0,45,0.727863364789611,0
907,1,5,12,56,100,7,3,4,0.0,181,0.7635112632530144,0
908,0,0,3,20,33,9,3,4,0.0,65,0.6948952977124538,1
909,0,2,5,20,18,17,3,3,1.0,62,1.0829678722212308,0
910,1,6,2,2,5,32,4,5,1.4142135623730951,48,1.8614176438383525,0
911,1,40,69,185,81,5,2,3,0.0,381,1.0957104173320014,0
912,0,14,26,36,47,41,3,4,1.0,164,1.0838639075863747,0
913,2,8,30,66,78,3,3,4,0.0,187,0.7070501895672396,0
914,0,2,2,14,30,10,3,4,0.0,58,0.8643930176753705,0
915,0,0,0,8,46,0,3,4,0.0,54,0.5286102781830712,0
916,0,2,5,82,105,29,3,4,0.0,223,0.7109677011794451,0
917,0,13,12,100,114,124,3,5,1.0,363,1.0527492562622727,0
918,5,46,81,120,93,27,2,3,1.0,372,1.0511163061546571,0
919,0,2,4,12,10,10,3,3,1.0,38,1.0176876442140326,0
920,0,1,17,140,120,30,3,3,0.0,308,0.681110380138455,1
921,0,3,15,37,44,24,3,4,1.0,123,0.9826914054775417,0
922,0,6,19,52,78,55,3,4,1.0,210,0.8674335871097427,0
923,0,4,11,38,28,8,3,3,0.0,89,0.8773157452848295,0
924,1,6,97,286,75,4,2,3,0.0,469,0.6188632080814568,0
925,0,2,6,36,97,69,4,4,0.0,210,0.9384293513303245,0
926,0,1,4,16,28,0,3,4,0.0,49,0.8603917515809263,0
927,1,5,48,105,266,62,3,4,0.0,487,0.8473486309629781,0
928,0,1,2,2,11,9,4,4,1.0,25,1.2294284324541083,0
929,0,0,1,9,25,0,3,4,0.0,35,0.46085357255987736,0
930,18,12,16,17,31,14,2,4,1.4142135623730951,108,1.7778139348743454,0
931,5,22,35,60,35,1,2,3,1.0,158,1.3701956163263984,0
932,0,3,9,39,107,36,3,4,0.0,194,0.8375039974364001,0
933,1,0,5,3,3,33,4,5,1.0,45,1.6573691051781885,0
934,6,3,10,42,52,21,3,4,1.0,134,1.2826010455109278,0
935,1,2,6,7,20,4,3,4,1.0,40,1.2745348292463092,0
936,12,27,110,236,208,53,3,3,1.0,646,1.035425509628627,0
937,0,0,1,10,23,10,3,4,0.0,44,0.7230581897971567,0
938,0,0,14,68,157,56,3,4,0.0,295,0.8410637123160358,0
939,0,3,5,39,7,0,2,3,0.0,54,0.5530650221800345,0
940,0,0,1,5,5,5,3,3,0.0,16,0.8356221367181524,0
941,0,0,9,9,47,31,4,4,0.0,96,1.0222017388413687,0
942,0,4,9,41,58,18,3,4,0.0,130,0.8910204292037971,1
943,0,0,1,49,122,39,3,4,0.0,211,0.8698481258555703,0
944,0,4,6,29,44,23,3,4,0.0,106,0.9800338467152282,0
945,0,0,17,61,53,4,3,3,0.0,135,0.6924137323297002,0
946,0,6,10,26,45,116,4,5,1.0,203,1.1713162271819173,0
947,0,1,1,5,11,12,4,5,1.0,30,1.0139240438410335,1
948,0,10,23,52,69,117,3,5,1.0,271,1.1757617438473367,0
949,0,0,1,20,52,9,3,4,0.0,82,0.6739595995785977,0
950,6,2,6,3,7,39,3,5,1.4142135623730951,63,1.6589369855234188,0
951,0,49,54,37,7,4,2,2,0.0,151,1.4553449323388712,0
952,0,0,3,50,40,7,3,3,0.0,100,0.6469377325159266,0
953,1,5,19,98,154,72,3,4,0.0,349,0.8205363220753569,0
954,0,0,1,10,21,12,4,4,0.0,44,0.7813761128746783,0
955,0,1,1,13,34,36,4,5,0.0,85,0.9788980875268579,0
956,0,0,3,15,81,9,3,4,0.0,108,0.7216371961062957,0
957,0,6,23,46,45,11,3,3,0.0,131,0.812310473288389,0
958,0,4,13,22,43,37,3,4,1.0,119,1.275587805866361,1
959,0,0,1,7,11,25,4,5,0.0,44,1.069615246991897,1
960,13,22,26,44,124,43,3,4,1.0,272,1.2593250626645847,0
961,0,0,1,3,19,21,4,5,0.0,44,1.1386110237723654,0
962,0,0,0,6,29,4,3,4,0.0,39,0.5863503689174496,0
963,8,34,73,117,54,15,2,3,1.0,301,1.1307563329353985,0
964,3,33,122,145,47,14,2,3,0.0,364,1.0704530470007863,0
965,0,3,8,31,42,30,3,4,1.0,114,1.021913849715994,1
966,0,0,0,2,2,23,4,5,0.0,27,1.4012473818811269,0
967,0,2,10,28,33,5,3,4,0.0,78,0.7739027172470552,0
968,2,3,3,28,157,18,3,4,0.0,211,0.8586616195953959,0
969,0,7,16,47,30,14,3,3,1.0,114,0.9683062377778853,0
970,0,8,31,83,91,3,3,4,0.0,216,0.665058918457737,0
971,3,16,37,104,71,10,3,3,0.0,241,1.0391461287498496,0
972,19,19,35,75,115,20,3,4,1.0,283,1.2315995660878813,0
973,8,13,36,78,40,16,2,3,1.0,191,1.2539218039724425,0
974,0,3,7,10,9,14,3,5,1.0,43,1.0643262693568232,0
975,0,31,23,66,43,13,2,3,1.0,176,1.2618336854172036,1
976,1,1,5,59,97,23,3,4,0.0,186,0.7128213440118587,0
977,0,2,42,278,98,7,3,3,0.0,427,0.5376388904133063,0
978,0,6,13,21,26,19,3,4,1.0,85,1.0531460065842992,0
979,0,0,9,93,67,15,3,3,0.0,184,0.668465533932042,0
980,0,4,17,75,52,10,3,3,0.0,158,0.7411866887944235,0
981,0,1,7,17,3,6,3,3,1.0,34,0.9009512019154565,0
982,10,15,43,81,45,9,2,3,1.0,203,1.1803758951856371,0
983,0,6,20,70,82,53,3,4,1.0,231,0.8609239692144308,0
984,0,0,14,124,262,14,3,4,0.0,414,0.7509944292236148,0
985,0,2,7,9,16,7,3,4,1.0,41,0.9755266712593302,0
986,0,0,1,3,7,5,4,4,0.0,16,1.181966045864154,0
987,0,28,85,108,83,24,2,3,1.0,328,0.9255762827308321,1
988,0,0,0,1,8,22,4,5,0.0,31,1.2967152012295493,0
989,2,4,11,41,51,74,3,5,1.0,183,0.9743366207692759,0
990,0,0,3,55,108,117,4,5,0.0,283,1.0978599753661977,0
991,0,6,26,98,140,99,3,4,0.0,369,0.9436522701620371,0
992,0,1,4,12,3,2,3,3,0.0,22,0.9466488847192424,0
993,2,18,140,621,295,8,3,3,0.0,1084,0.5165337053347446,0
994,0,0,0,7,20,8,4,4,0.0,35,0.6257545712176973,0
995,3,2,2,12,6,1,2,3,1.0,26,1.2654775498871957,0
996,1,0,2,10,28,16,3,4,0.0,57,0.7871553546599396,0
997,0,0,17,36,168,73,4,4,0.0,294,0.7649824617992881,0
998,0,3,9,40,50,15,3,4,0.0,117,0.8734128717334507,0
999,20,50,110,172,95,15,2,3,1.0,462,1.1190108162015675,0
1000,0,0,0,36,79,4,3,4,0.0,119,0.5119968416946546,0
1001,0,0,1,2,7,18,4,5,0.0,28,1.0693835810690349,0
1002,0,6,14,61,123,2,3,4,0.0,206,0.7489189337254103,0
1003,0,7,29,62,91,36,3,4,1.0,225,0.9190655273241264,0
1004,0,15,30,116,88,18,3,3,0.0,267,0.8422548123874514,1
1005,0,4,11,53,173,118,4,4,0.0,359,1.1611342554043964,0
1006,0,2,1,14,7,8,3,3,1.0,32,1.1761406566987052,0
1007,3,14,17,28,20,32,3,5,1.4142135623730951,114,1.527404958813561,0
1008,0,0,6,27,37,9,3,4,0.0,79,0.723635068675593,0
1009,0,0,0,11,3,9,3,3,0.0,23,1.0609438514771916,0
1010,0,2,3,41,169,52,3,4,0.0,267,0.7680025281203302,0
1011,1,7,55,138,102,51,3,3,0.0,354,0.9050832262542803,0
1012,0,2,4,4,9,9,3,5,1.0,28,1.4386319163338797,1
1013,0,7,3,8,3,11,3,5,1.4142135623730951,32,1.6596583260181657,0
1014,0,31,77,81,45,13,2,3,1.0,247,1.0662223841357048,0
1015,0,2,8,6,7,10,3,5,1.0,33,1.2805877313194027,1
1016,2,0,6,8,12,5,3,4,1.0,33,1.167368261243667,0
1017,4,4,20,34,13,8,2,3,1.0,83,1.2242415281819643,0
1018,0,29,143,123,47,30,2,2,1.0,372,1.0568024333683765,0
1019,0,1,4,12,25,35,4,5,0.0,77,1.071730636914848,0
1020,0,10,48,85,10,4,2,3,0.0,157,1.0335897026034273,0
1021,12,37,31,126,96,14,2,3,1.0,316,1.1019584415466714,0
1022,0,4,11,63,95,11,3,4,0.0,184,0.6981202458324394,0
1023,2,7,28,124,67,7,3,3,0.0,235,0.7094164944112643,0
1024,0,4,1,10,6,3,3,3,1.0,24,1.0901311501856843,0
1025,0,16,8,8,9,5,2,1,1.4142135623730951,46,1.6396145626581409,0
1026,2,18,42,60,11,5,2,3,0.0,138,1.2349023787938513,0
1027,30,60,76,135,182,173,3,4,1.4142135623730951,656,1.1648899135798982,0
1028,0,8,16,29,41,92,4,5,1.0,186,1.2074901435686267,0
1029,0,1,22,53,61,15,3,4,0.0,152,0.7043187491617984,0
1030,0,0,0,78,65,5,3,3,0.0,148,0.5729586295701902,0
1031,0,0,1,6,7,12,4,5,0.0,26,1.2444614985339069,0
1032,0,2,12,42,87,25,3,4,0.0,168,0.7581016695651632,0
1033,0,7,21,83,80,15,3,3,0.0,206,0.7063572430515184,1
1034,0,1,2,15,14,4,3,3,0.0,36,0.9597442203323323,0
1035,6,4,1,10,44,123,4,5,1.0,188,1.5694562752940964,0
1036,5,0,3,14,38,31,3,4,1.0,91,1.3450348885731407,0
1037,0,0,1,16,15,6,3,3,0.0,38,0.7580475214017961,1
1038,24,10,8,18,17,2,2,0,1.4142135623730951,79,2.2233227047721478,0
1039,0,1,2,34,15,10,3,3,0.0,62,0.773351500431272,0
1040,0,7,17,34,41,8,3,4,1.0,107,0.8844154106904712,0
1041,0,0,1,64,80,12,3,4,0.0,157,0.6309728689295663,0
1042,0,5,25,74,62,22,3,3,0.0,188,0.7366552545729272,1
1043,0,5,5,5,11,1,2,4,1.0,27,1.3710932304733132,0
1044,1,5,39,136,160,10,3,4,0.0,351,0.7251044451569274,0
1045,0,0,4,6,12,9,3,4,1.0,31,0.8917359074218513,0
1046,0,2,29,53,79,28,3,4,0.0,191,1.0021138824051279,1
1047,0,1,1,35,14,4,3,3,0.0,55,0.7099384234612041,0
1048,4,22,69,119,50,3,2,3,0.0,267,1.0768565526923626,0
1049,0,0,2,57,71,2,3,4,0.0,132,0.5913729087776348,0
1050,0,4,4,0,2,0,2,1,1.0,10,1.4901294032495915,0
1051,0,4,25,59,64,8,3,4,0.0,160,0.8025567280773098,0
1052,0,0,13,66,152,85,3,4,0.0,316,0.9787577102032372,0
1053,0,1,17,42,70,53,3,4,0.0,183,0.904111547710115,0
1054,1,3,1,26,116,45,4,4,0.0,192,0.9644517830256801,0
1055,0,1,22,66,160,37,3,4,0.0,286,0.8011214614094714,0
1056,2,11,8,43,43,6,3,4,1.0,113,1.1602209953962657,0
1057,1,2,32,90,49,10,3,3,0.0,184,0.9218032138873263,0
1058,0,2,4,16,37,12,3,4,0.0,71,0.952000920112729,0
1059,0,0,5,34,75,17,3,4,0.0,131,0.7102101720697482,1
1060,0,2,2,92,23,8,3,3,0.0,127,0.7462331986742126,0
1061,0,13,29,74,106,36,3,4,1.0,258,1.0429302497701556,0
1062,1,25,54,154,142,43,3,3,1.0,419,0.8394699207013718,0
1063,0,4,48,129,159,26,3,4,0.0,366,0.6490708593473091,0
1064,0,1,6,19,29,32,3,5,0.0,87,0.9591614329681621,0
1065,0,3,10,79,107,154,4,5,0.0,353,1.186316830169533,0
1066,0,1,2,15,25,3,3,4,0.0,46,0.7204417812463724,0
1067,0,3,5,8,21,21,3,4,1.0,58,1.2002610075485698,0
1068,0,0,2,20,23,25,4,5,0.0,70,0.9557412998408233,0
1069,2,2,15,46,47,14,3,4,0.0,126,0.9329242083252126,0
1070,0,0,0,1,3,5,4,5,0.0,9,1.0984119566430446,0
1071,74,108,166,218,173,108,2,3,1.4142135623730951,847,1.283119479512785,0
1072,0,65,118,91,41,20,2,2,1.0,335,1.2821354059526902,1
1073,21,35,77,165,141,28,2,3,1.0,467,1.1081519547266077,0
1074,0,4,40,116,127,19,3,4,0.0,306,0.7859344583181291,0
1075,0,6,15,48,48,15,3,4,0.0,132,0.8593821628718077,0
1076,0,2,12,57,60,10,3,4,0.0,141,0.7100710937675593,0
1077,0,8,22,98,178,8,3,4,0.0,314,0.6474914601241356,0
1078,0,0,2,38,132,2,3,4,0.0,174,0.6880575632450814,0
1079,9,38,80,115,146,36,3,4,1.0,424,1.0322520012783412,0
1080,0,1,3,19,32,18,3,4,0.0,73,0.9043680806885911,1
1081,0,12,20,147,106,57,3,3,0.0,342,1.0349210714829251,0
1082,0,0,3,1,12,3,3,4,0.0,19,0.930238459139899,0
1083,0,5,16,28,41,32,3,4,1.0,122,0.9459851895679876,0
1084,2,6,11,10,70,32,3,4,1.0,131,1.0843529155872336,0
1085,0,4,13,19,17,10,3,3,1.0,63,1.255275398850015,0
1086,0,4,33,225,61,6,3,3,0.0,329,0.676179946384448,0
1087,5,30,104,125,164,44,3,4,1.0,472,1.1566742014289983,0
1088,1,6,23,49,25,1,2,3,0.0,105,1.0526338261466126,0
1089,1,1,6,60,129,58,3,4,0.0,255,0.785922963707674,0
1090,0,0,5,7,20,53,4,5,0.0,85,1.0667111385031014,0
1091,0,2,0,17,22,3,3,4,0.0,44,0.7634975338691703,1
1092,1,2,4,38,63,6,3,4,0.0,114,0.7076340769115418,0
1093,41,33,12,20,27,13,1,0,1.7320508075688772,146,2.247801956364498,0
1094,2,7,1,6,31,118,4,5,1.0,165,1.7694491894353337,0
1095,2,2,0,6,5,10,3,5,1.4142135623730951,25,1.6848541304374418,0
1096,0,1,0,5,42,33,4,4,0.0,81,0.9496661989274614,0
1097,0,0,3,15,30,3,3,4,0.0,51,0.7415008448149469,0
1098,0,0,1,17,72,34,4,4,0.0,124,1.0791427348809368,0
1099,14,10,11,37,69,24,3,4,1.4142135623730951,165,1.3655337137596608,0
