,user,rating_0,rating_1,rating_2,rating_3,rating_4,rating_5
0,1000,0,4,7,27,30,3
1,1001,0,10,15,19,52,55
2,1002,0,3,20,73,104,36
3,1003,2,44,104,176,179,46
4,1004,0,23,40,90,60,40
5,1005,1,22,43,68,75,33
6,1006,0,1,4,11,25,21
7,1007,2,6,16,35,83,31
8,1008,0,29,26,23,20,13
9,1009,5,20,77,118,30,15
10,1010,0,22,62,82,115,58
11,1011,0,7,9,25,35,51
12,1012,0,6,27,153,139,13
13,1013,20,13,23,54,70,74
14,1014,0,2,7,29,18,3
15,1015,0,2,10,60,138,38
16,1016,0,0,18,303,191,5
17,1017,0,2,5,12,24,0
18,1018,0,6,25,67,111,17
19,1019,0,1,8,29,17,5
20,1020,0,2,5,45,24,21
21,1021,0,2,14,45,132,5
22,1022,1,12,35,55,150,21
23,1023,0,0,0,6,5,6
24,1024,4,11,23,81,116,29
25,1025,0,0,1,7,4,8
26,1026,0,2,5,93,195,16
27,1027,0,0,21,77,56,18
28,1028,0,11,7,25,18,5
29,1029,0,3,12,18,24,9
30,1030,0,2,11,113,86,22
31,1031,0,12,15,33,36,34
32,1032,2,4,20,29,21,10
33,1033,2,1,4,39,99,20
34,1034,29,47,74,144,72,0
35,1035,11,14,25,53,55,24
36,1036,0,0,0,6,9,23
37,1037,0,1,6,35,24,13
38,1038,0,0,5,67,65,11
39,1039,19,36,64,121,120,95
40,1040,0,1,14,83,65,5
41,1041,0,4,6,19,60,23
42,1042,0,0,0,0,1,1
43,1043,0,8,45,140,72,1
44,1044,1,0,3,24,35,55
45,1045,0,2,7,30,138,21
46,1046,0,6,13,72,55,10
47,1047,0,3,13,61,59,15
48,1048,0,0,6,32,11,12
49,1049,0,1,4,15,20,3
50,1050,0,1,3,17,29,35
51,1051,0,7,56,173,104,8
52,1052,0,0,2,28,14,16
53,1053,29,2,13,61,32,43
54,1054,62,6,34,74,91,17
55,1055,1,15,82,170,169,35
56,1056,1,10,35,119,11,7
57,1057,0,5,39,160,221,44
58,1058,0,4,8,25,54,8
59,1059,0,0,4,5,9,9
60,1060,0,4,8,12,17,25
61,1061,0,13,38,106,84,13
62,1062,6,15,36,52,44,24
63,1063,1,5,43,166,69,3
64,1064,0,1,11,21,19,6
65,1065,0,0,2,7,10,3
66,1066,0,2,2,24,44,15
67,1067,11,4,6,20,37,16
68,1068,4,5,11,33,48,11
69,1069,0,3,13,34,96,59
70,1070,1,7,24,81,96,18
71,1071,0,2,1,89,117,8
72,1072,0,8,81,250,145,10
73,1073,0,0,0,27,48,46
74,1074,0,3,5,22,52,36
75,1075,0,7,122,208,118,21
76,1076,2,4,19,61,54,0
77,1077,0,0,33,180,76,9
78,1078,0,2,4,21,25,16
79,1079,0,2,4,31,82,30
80,1080,0,1,1,7,5,2
81,1081,8,23,41,64,43,32
82,1082,0,1,1,7,10,11
83,1083,1,26,59,166,220,110
84,1084,0,0,3,17,21,15
85,1085,0,3,5,12,8,12
86,1086,0,3,36,106,60,1
87,1087,1,1,0,14,65,25
88,1088,0,9,28,64,69,24
89,1089,0,9,4,24,60,41
90,1090,0,2,16,49,130,48
91,1091,0,0,1,0,11,10
92,1092,0,1,6,16,15,2
93,1093,0,9,48,65,39,15
94,1094,0,6,19,133,111,36
95,1095,0,14,51,139,95,27
96,1096,0,2,11,34,74,17
97,1097,0,1,1,2,19,5
98,1098,0,0,0,5,24,14
99,1099,0,0,0,4,7,4
100,1100,0,0,4,2,12,13
101,1101,0,8,9,19,30,6
102,1102,0,9,30,59,63,18
103,1103,0,2,7,8,56,12
104,1104,0,1,5,32,65,19
105,1105,0,1,6,54,108,27
106,1106,0,1,6,15,16,34
107,1107,0,0,20,41,23,0
108,1108,32,58,121,244,104,23
109,1109,0,1,8,9,38,32
110,1110,2,1,29,93,82,31
111,1111,0,0,2,9,27,6
112,1112,4,38,110,195,114,7
113,1113,53,37,37,67,45,8
114,1114,0,1,10,29,66,13
115,1115,1,0,22,147,53,1
116,1116,5,6,31,81,92,15
117,1117,0,1,7,72,184,33
118,1118,0,3,1,33,98,27
119,1119,0,15,43,137,98,16
120,1120,0,0,3,15,26,16
121,1121,8,6,26,83,156,71
122,1122,0,1,3,28,86,45
123,1123,26,27,57,101,80,8
124,1124,0,0,13,22,26,6
125,1125,6,13,11,40,49,11
126,1126,6,32,206,257,177,18
127,1127,0,0,34,205,361,81
128,1128,0,0,3,13,8,0
129,1129,1,1,8,79,258,41
130,1130,0,1,1,23,15,28
131,1131,0,1,50,242,160,34
132,1132,1,0,6,97,75,36
133,1133,0,13,35,135,80,3
134,1134,0,2,33,89,88,9
135,1135,0,3,16,64,58,27
136,1136,0,3,5,51,74,11
137,1137,0,7,11,23,23,31
138,1138,26,36,29,48,37,26
139,1139,0,3,11,29,24,16
140,1140,0,0,2,7,6,1
141,1141,0,1,5,51,124,7
142,1142,0,12,15,31,24,27
143,1143,0,0,1,6,40,2
144,1144,9,26,48,69,42,6
145,1145,9,11,21,68,123,18
146,1146,0,3,74,160,197,67
147,1147,0,1,2,15,23,13
148,1148,102,103,44,99,104,14
149,1149,0,8,15,69,54,37
150,1150,0,7,3,8,8,20
151,1151,11,55,91,77,29,4
152,1152,0,10,18,47,40,37
153,1153,0,0,1,10,22,4
154,1154,4,13,29,74,78,16
155,1155,0,1,18,34,27,5
156,1156,0,0,0,2,4,0
157,1157,1,3,12,39,65,6
158,1158,0,0,3,45,69,8
159,1159,0,2,9,15,9,3
160,1160,3,6,5,16,52,35
161,1161,0,14,97,183,96,12
162,1162,0,0,0,16,11,10
163,1163,0,0,3,38,62,39
164,1164,0,3,1,16,13,16
165,1165,1,6,26,47,77,60
166,1166,0,11,27,89,61,11
167,1167,1,0,5,60,97,0
168,1168,0,3,12,116,76,0
169,1169,0,0,4,10,15,20
170,1170,0,7,44,102,82,20
171,1171,1,1,8,33,57,10
172,1172,0,0,1,6,32,35
173,1173,0,70,221,227,92,30
174,1174,0,1,1,13,45,34
175,1175,1,0,3,42,139,70
176,1176,0,0,3,25,29,7
177,1177,0,0,7,13,24,32
178,1178,0,6,40,170,183,5
179,1179,0,10,18,42,60,25
180,1180,0,0,30,165,111,18
181,1181,11,50,174,284,132,26
182,1182,0,1,24,118,105,71
183,1183,0,74,173,171,27,0
184,1184,1,3,7,17,48,20
185,1185,0,0,13,120,100,6
186,1186,23,45,62,87,63,41
187,1187,1,7,13,11,9,58
188,1188,0,3,4,8,11,1
189,1189,0,3,13,47,47,0
190,1190,6,15,40,45,68,36
191,1191,0,0,0,0,10,7
192,1192,0,0,14,143,62,57
193,1193,0,1,4,13,5,16
194,1194,0,4,7,29,53,56
195,1195,25,77,111,78,28,1
196,1196,0,0,4,16,38,22
197,1197,0,0,12,35,47,17
198,1198,0,1,32,142,324,108
199,1199,0,1,28,121,113,6
200,1200,19,12,15,45,55,7
201,1201,0,0,0,9,60,19
202,1202,3,17,36,115,121,15
203,1203,0,3,10,9,25,6
204,1204,0,0,0,15,67,4
205,1205,0,0,0,0,15,17
206,1206,0,0,2,11,34,10
207,1207,0,0,6,18,12,2
208,1208,0,0,3,43,30,39
209,1209,0,0,0,4,3,5
210,1210,0,12,28,49,82,22
211,1211,4,8,19,58,46,34
212,1212,0,1,0,8,15,15
213,1213,1,3,11,117,158,15
214,1214,1,1,5,32,11,4
215,1215,6,27,37,97,177,102
216,1216,1,4,8,38,28,13
217,1217,0,1,7,20,14,6
218,1218,4,40,100,250,167,39
219,1219,0,8,47,76,96,7
220,1220,2,4,14,12,19,16
221,1221,0,2,4,13,34,17
222,1222,0,0,0,66,101,11
223,1223,0,3,5,10,12,0
224,1224,0,0,2,9,45,43
225,1225,0,1,5,7,10,2
226,1226,0,0,3,11,12,0
227,1227,0,0,1,7,23,62
228,1228,8,31,92,189,23,2
229,1229,0,6,1,21,20,11
230,1230,0,13,44,57,58,25
231,1231,2,3,4,2,5,37
232,1232,2,2,40,81,38,0
233,1233,0,0,1,40,18,8
234,1234,2,47,142,252,153,16
235,1235,0,0,4,21,42,5
236,1236,0,0,0,8,9,11
237,1237,1,5,17,148,119,12
238,1238,0,0,16,77,152,210
239,1239,0,0,1,12,27,13
240,1240,0,1,6,8,11,6
241,1241,0,2,6,36,42,45
242,1242,0,1,3,11,13,28
243,1243,10,44,74,79,49,11
244,1244,0,1,4,28,63,36
245,1245,0,0,4,38,99,35
246,1246,0,28,11,47,59,70
247,1247,0,3,3,6,16,9
248,1248,1,2,3,10,28,7
249,1249,5,26,98,184,271,47
250,1250,0,7,76,209,226,49
251,1251,0,0,0,3,1,0
252,1252,0,0,1,76,161,143
253,1253,0,6,14,16,39,9
254,1254,6,3,19,40,53,57
255,1255,0,23,0,15,3,4
256,1256,0,7,20,66,68,10
257,1257,1,8,16,41,129,38
258,1258,2,13,11,59,75,9
259,1259,0,0,0,6,25,10
260,1260,0,8,15,75,111,38
261,1261,0,0,1,2,5,23
262,1262,1,1,11,39,70,31
263,1263,0,7,42,189,173,3
264,1264,0,0,3,9,55,14
265,1265,0,2,11,99,101,12
266,1266,0,0,3,23,61,13
267,1267,0,12,69,99,140,54
268,1268,1,2,6,28,19,5
269,1269,0,8,105,117,22,0
270,1270,7,59,91,92,43,13
271,1271,0,1,2,14,10,17
272,1272,0,0,0,51,112,31
273,1273,0,1,31,114,101,16
274,1274,0,8,46,154,71,10
275,1275,13,31,20,26,30,37
276,1276,0,7,7,19,30,22
277,1277,0,1,0,46,17,12
278,1278,0,0,0,6,28,26
279,1279,0,2,12,85,71,46
280,1280,5,41,178,245,51,4
281,1281,1,2,16,53,111,108
282,1282,0,1,5,40,34,23
283,1283,23,38,75,105,48,23
284,1284,0,0,1,33,20,10
285,1285,0,7,7,33,18,12
286,1286,0,0,6,38,78,3
287,1287,0,9,128,233,41,14
288,1288,1,0,0,0,5,13
289,1289,0,0,0,11,47,28
290,1290,0,1,14,58,103,27
291,1291,1,3,24,82,52,4
292,1292,3,12,113,279,225,41
293,1293,0,0,1,27,139,33
294,1294,1,14,10,30,38,0
295,1295,0,2,10,28,31,24
296,1296,0,2,3,5,3,0
297,1297,0,0,30,89,128,9
298,1298,2,0,0,11,36,11
299,1299,1,1,7,66,184,27
300,1300,2,8,119,306,176,29
301,1301,0,1,0,2,8,11
302,1302,0,5,17,72,130,82
303,1303,0,0,0,61,222,49
304,1304,0,0,21,133,211,32
305,1305,0,6,16,30,52,24
306,1306,2,18,53,145,18,0
307,1307,0,0,5,18,8,6
308,1308,0,4,6,5,12,34
309,1309,18,57,23,28,36,11
310,1310,0,0,2,18,28,17
311,1311,0,2,7,78,102,2
312,1312,0,16,124,120,101,85
313,1313,1,6,17,78,226,276
314,1314,0,0,5,33,60,19
315,1315,0,0,45,254,65,6
316,1316,0,0,2,23,119,24
317,1317,0,2,0,1,9,12
318,1318,0,0,0,4,49,20
319,1319,0,0,3,7,78,44
320,1320,13,19,22,25,55,24
321,1321,0,18,47,82,58,2
322,1322,0,0,1,15,33,20
323,1323,0,21,70,177,79,63
324,1324,0,0,3,9,9,2
325,1325,1,7,73,126,130,25
326,1326,0,7,24,116,160,29
327,1327,0,21,47,97,174,77
328,1328,0,3,66,318,150,8
329,1329,0,1,1,15,94,41
330,1330,0,0,0,10,61,8
331,1331,0,0,1,52,125,36
332,1332,8,22,48,160,140,30
333,1333,0,5,23,62,52,13
334,1334,0,6,7,13,18,4
335,1335,0,0,1,23,127,15
336,1336,0,0,19,34,46,9
337,1337,0,4,4,16,16,1
338,1338,3,9,22,11,53,43
339,1339,0,3,2,27,24,26
340,1340,10,19,39,57,56,25
341,1341,0,15,24,52,49,49
342,1342,0,0,1,2,21,59
343,1343,1,0,8,30,23,0
344,1344,0,1,24,49,114,8
345,1345,0,2,33,143,129,6
346,1346,0,1,4,10,38,16
347,1347,0,2,34,150,111,27
348,1348,0,0,2,3,35,12
349,1349,0,5,18,52,70,47
350,1350,3,13,73,198,160,50
351,1351,1,3,25,65,63,21
352,1352,0,1,1,7,40,9
353,1353,4,2,7,15,11,15
354,1354,1,9,24,88,70,15
355,1355,0,0,2,13,42,6
356,1356,0,1,12,19,36,42
357,1357,11,50,87,89,45,18
358,1358,0,0,0,7,27,10
359,1359,0,0,0,12,29,27
360,1360,3,8,11,82,122,8
361,1361,3,10,33,130,105,26
362,1362,0,5,24,93,112,16
363,1363,5,24,62,98,90,18
364,1364,1,2,4,4,7,0
365,1365,0,0,0,0,13,19
366,1366,0,4,53,211,189,123
367,1367,1,7,42,182,335,41
368,1368,1,4,37,104,61,25
369,1369,0,4,16,27,35,18
370,1370,3,6,33,172,168,25
371,1371,1,3,17,107,83,19
372,1372,2,5,25,57,80,133
373,1373,0,4,7,5,25,19
374,1374,1,2,5,39,34,9
375,1375,0,6,14,32,13,1
376,1376,2,4,36,53,24,1
377,1377,0,0,0,3,25,6
378,1378,0,41,27,27,43,62
379,1379,0,0,0,5,13,26
380,1380,0,6,12,64,54,19
381,1381,0,0,1,55,106,10
382,1382,19,2,7,15,14,2
383,1383,0,2,10,22,26,20
384,1384,50,15,15,44,24,12
385,1385,0,1,0,20,39,18
386,1386,0,0,5,29,18,40
387,1387,1,0,1,15,13,5
388,1388,0,10,23,111,161,60
389,1389,0,0,2,2,8,5
390,1390,0,13,75,214,114,27
391,1391,6,22,43,88,114,18
392,1392,0,8,40,43,18,6
393,1393,0,5,0,8,5,49
394,1394,0,2,2,7,8,2
395,1395,0,1,3,10,27,15
396,1396,1,1,2,13,16,12
397,1397,1,0,0,0,4,3
398,1398,0,0,37,44,6,2
399,1399,0,1,2,28,19,9
400,1400,0,4,15,18,28,17
401,1401,6,14,48,76,35,19
402,1402,0,0,11,157,185,0
403,1403,0,9,11,19,43,4
404,1404,11,38,84,119,88,40
405,1405,0,8,24,36,56,12
406,1406,0,1,33,90,13,0
407,1407,0,0,5,40,43,0
408,1408,0,4,6,25,25,12
409,1409,0,1,1,3,3,2
410,1410,0,1,5,12,6,2
411,1411,0,10,21,63,82,20
412,1412,0,0,1,17,15,2
413,1413,0,2,10,120,96,11
414,1414,0,5,17,30,31,16
415,1415,0,0,3,4,58,44
416,1416,0,22,57,149,112,87
417,1417,2,34,89,161,62,4
418,1418,6,31,43,55,59,21
419,1419,0,0,4,60,65,36
420,1420,0,2,4,14,18,18
421,1421,0,2,11,80,134,56
422,1422,12,5,48,218,270,15
423,1423,8,26,34,63,87,7
424,1424,0,4,13,20,52,11
425,1425,0,0,9,26,20,15
426,1426,0,5,45,107,63,11
427,1427,0,7,86,162,126,47
428,1428,1,0,5,50,75,18
429,1429,0,8,19,45,41,51
430,1430,0,0,0,0,0,7
431,1431,1,6,15,28,22,9
432,1432,0,2,40,154,179,44
433,1433,0,21,24,58,47,45
434,1434,0,2,3,19,28,15
435,1435,0,17,48,92,118,87
436,1436,0,1,14,22,55,28
437,1437,0,99,100,223,399,19
438,1438,0,0,1,13,15,6
439,1439,0,3,4,7,23,3
440,1440,3,8,13,37,96,86
441,1441,0,0,1,22,36,7
442,1442,0,7,17,25,10,11
443,1443,0,1,43,278,243,15
444,1444,0,6,9,50,142,98
445,1445,0,6,26,64,20,0
446,1446,3,3,6,19,107,67
447,1447,0,0,1,7,79,4
448,1448,0,2,2,27,292,10
449,1449,1,27,36,68,62,43
450,1450,0,0,3,16,15,9
451,1451,22,35,66,133,75,31
452,1452,0,2,19,139,59,4
453,1453,1,5,4,14,21,5
454,1454,0,5,18,39,34,8
455,1455,0,1,6,67,54,40
456,1456,0,32,38,102,14,13
457,1457,0,1,0,17,25,30
458,1458,0,0,1,18,37,23
459,1459,0,1,20,40,61,42
460,1460,0,4,12,59,75,33
461,1461,0,1,1,4,6,11
462,1462,0,2,50,181,98,10
463,1463,0,8,7,43,49,22
464,1464,6,2,14,40,42,9
465,1465,0,1,11,19,45,9
466,1466,0,0,0,5,6,2
467,1467,0,5,54,235,150,48
468,1468,1,2,48,148,253,52
469,1469,0,5,49,142,110,16
470,1470,10,4,24,27,23,9
471,1471,0,0,44,125,55,0
472,1472,0,0,1,45,31,12
473,1473,0,2,3,4,31,15
474,1474,0,4,10,5,3,6
475,1475,1,6,27,51,84,13
476,1476,4,32,24,37,40,4
477,1477,0,3,37,136,140,17
478,1478,0,2,2,24,39,79
479,1479,0,6,35,97,86,31
480,1480,0,0,4,17,24,19
481,1481,0,2,8,90,142,6
482,1482,0,39,80,82,81,36
483,1483,0,0,1,2,2,14
484,1484,0,0,1,9,8,5
485,1485,0,1,6,13,23,8
486,1486,0,0,0,1,3,12
487,1487,0,0,12,50,71,16
488,1488,2,2,2,3,14,13
489,1489,0,28,35,30,14,4
490,1490,3,8,8,57,147,93
491,1491,1,4,10,25,47,8
492,1492,0,4,21,57,50,4
493,1493,1,3,13,78,45,6
494,1494,0,33,54,124,121,55
495,1495,0,0,7,138,70,7
496,1496,0,3,2,10,26,9
497,1497,0,5,5,17,32,24
498,1498,3,12,85,218,123,12
499,1499,0,0,4,3,11,5
500,1500,0,2,85,234,95,14
501,1501,2,4,4,29,16,0
502,1502,0,3,11,26,33,28
503,1503,0,3,5,14,23,16
504,1504,0,3,5,49,71,14
505,1505,1,2,8,57,87,14
506,1506,1,4,32,239,139,16
507,1507,0,3,19,53,18,6
508,1508,0,0,0,2,5,14
509,1509,0,1,11,78,82,34
510,1510,0,0,0,36,21,1
511,1511,2,5,6,24,46,14
512,1512,224,136,206,241,64,5
513,1513,0,11,15,35,64,38
514,1514,0,0,1,11,46,2
515,1515,4,13,25,34,36,32
516,1516,0,0,2,9,8,3
517,1517,0,7,10,18,20,18
518,1518,2,1,5,15,77,26
519,1519,12,19,27,52,112,147
520,1520,0,0,0,4,5,0
521,1521,7,11,106,259,160,20
522,1522,2,7,30,135,72,15
523,1523,0,5,18,61,108,75
524,1524,0,0,1,14,59,30
525,1525,0,12,34,90,65,4
526,1526,0,5,0,13,12,44
527,1527,0,0,1,10,2,5
528,1528,0,0,2,11,16,33
529,1529,17,17,50,74,99,53
530,1530,0,5,29,176,164,18
531,1531,0,2,2,5,7,2
532,1532,0,0,1,11,51,13
533,1533,0,9,39,71,78,36
534,1534,0,1,29,68,108,109
535,1535,0,1,8,4,3,0
536,1536,0,1,2,32,25,9
537,1537,0,0,4,19,28,38
538,1538,0,2,2,8,30,58
539,1539,0,0,0,2,19,15
540,1540,1,5,53,182,150,25
541,1541,0,1,12,52,90,89
542,1542,0,0,1,3,4,3
543,1543,0,1,13,53,111,18
544,1544,0,1,14,147,126,21
545,1545,0,0,8,9,14,11
546,1546,0,9,74,194,177,24
547,1547,10,15,30,43,23,13
548,1548,1,0,8,70,231,24
549,1549,1,4,39,103,107,27
550,1550,0,2,18,22,8,0
551,1551,1,3,21,134,130,18
552,1552,10,3,9,33,77,9
553,1553,0,1,25,75,87,25
554,1554,1,16,36,67,61,11
555,1555,3,11,39,57,156,17
556,1556,0,16,22,14,16,6
557,1557,0,1,2,7,54,19
558,1558,0,1,2,6,7,3
559,1559,3,4,4,4,3,0
560,1560,0,0,13,117,69,3
561,1561,0,2,5,13,53,77
562,1562,0,1,6,17,68,48
563,1563,0,22,43,113,78,31
564,1564,0,11,31,118,255,69
565,1565,0,0,0,16,112,21
566,1566,0,7,5,24,45,19
567,1567,0,0,0,7,24,8
568,1568,0,4,43,57,51,45
569,1569,1,3,30,178,88,11
570,1570,46,0,0,0,0,89
571,1571,39,107,145,124,57,14
572,1572,0,14,17,21,22,13
573,1573,0,4,2,18,17,22
574,1574,0,45,33,71,79,30
575,1575,0,1,3,36,8,0
576,1576,0,7,37,72,63,11
577,1577,1,0,5,17,40,40
578,1578,0,1,12,33,66,1
579,1579,1,1,6,23,69,10
580,1580,0,0,2,6,8,19
581,1581,0,7,54,81,111,35
582,1582,0,5,2,10,13,21
583,1583,5,18,45,46,56,2
584,1584,0,2,5,24,25,19
585,1585,1,9,25,90,72,8
586,1586,8,13,23,67,30,7
587,1587,1,3,16,85,90,8
588,1588,15,16,2,32,48,13
589,1589,0,28,74,142,47,15
590,1590,0,2,3,37,37,36
591,1591,0,13,37,106,92,7
592,1592,1,5,10,29,102,78
593,1593,0,3,4,41,15,16
594,1594,3,2,2,11,12,16
595,1595,11,16,61,147,117,5
596,1596,0,2,1,8,21,17
597,1597,0,9,17,17,34,27
598,1598,10,67,168,116,46,2
599,1599,4,13,73,161,75,12
600,1600,15,20,24,79,90,28
601,1601,0,0,4,5,3,1
602,1602,0,2,4,9,15,5
603,1603,0,0,15,60,157,9
604,1604,0,1,2,32,50,6
605,1605,6,9,41,160,197,48
606,1606,0,7,3,17,24,23
607,1607,0,3,10,74,112,6
608,1608,1,14,85,196,96,18
609,1609,0,1,2,19,16,9
610,1610,0,0,2,16,15,16
611,1611,5,3,2,8,9,12
612,1612,2,3,6,45,150,66
613,1613,0,1,5,52,44,3
614,1614,0,15,40,86,60,11
615,1615,12,32,55,97,54,11
616,1616,0,13,21,46,73,9
617,1617,0,4,11,17,29,35
618,1618,0,1,3,15,11,12
619,1619,0,0,2,18,65,5
620,1620,0,3,3,67,85,15
621,1621,3,8,30,90,234,55
622,1622,0,0,0,6,13,2
623,1623,0,23,55,167,75,14
624,1624,0,3,8,31,45,40
625,1625,0,0,1,15,34,7
626,1626,0,0,1,20,12,17
627,1627,0,0,1,11,9,2
628,1628,0,29,64,143,74,13
629,1629,0,2,24,151,108,31
630,1630,1,0,1,11,42,90
631,1631,0,6,58,228,149,21
632,1632,0,2,3,19,20,7
633,1633,3,6,10,33,81,5
634,1634,7,14,16,43,63,23
635,1635,2,4,7,36,23,27
636,1636,1,1,2,10,44,26
637,1637,0,54,85,145,121,49
638,1638,0,1,0,8,13,12
639,1639,0,0,18,42,48,31
640,1640,1,23,101,155,131,8
641,1641,0,4,11,121,44,10
642,1642,0,3,18,52,214,47
643,1643,22,67,216,247,79,10
644,1644,0,9,17,26,30,5
645,1645,0,1,11,32,22,7
646,1646,0,0,8,30,53,39
647,1647,2,10,16,30,35,8
648,1648,0,8,1,9,7,11
649,1649,1,5,15,23,34,16
650,1650,5,6,10,32,66,48
651,1651,1,2,6,19,30,9
652,1652,0,10,51,38,10,1
653,1653,0,0,3,2,33,17
654,1654,1,1,0,2,1,48
655,1655,0,4,11,77,100,46
656,1656,0,4,26,140,90,4
657,1657,6,1,4,9,9,23
658,1658,0,2,3,6,14,3
659,1659,0,2,16,49,52,17
660,1660,0,15,86,122,44,11
661,1661,0,2,10,75,199,31
662,1662,0,5,52,222,103,2
663,1663,1,14,64,190,271,104
664,1664,0,5,9,21,50,0
665,1665,0,1,2,18,29,8
666,1666,0,2,16,70,78,5
667,1667,0,6,29,49,62,85
668,1668,0,0,2,5,20,21
669,1669,0,3,18,70,97,54
670,1670,0,2,0,9,14,29
671,1671,1,7,36,59,23,1
672,1672,0,10,40,89,111,73
673,1673,0,13,23,74,124,15
674,1674,0,1,9,34,69,8
675,1675,0,0,0,19,97,55
676,1676,1,13,42,111,155,45
677,1677,0,0,8,170,112,7
678,1678,2,1,5,20,109,28
679,1679,4,15,65,112,110,61
680,1680,0,0,5,19,31,20
681,1681,0,0,5,78,134,24
682,1682,0,1,5,6,17,3
683,1683,18,33,46,52,36,13
684,1684,0,3,3,12,18,11
685,1685,0,4,23,44,19,5
686,1686,1,19,22,34,23,2
687,1687,11,7,26,80,58,28
688,1688,0,1,1,11,12,15
689,1689,0,1,9,51,50,10
690,1690,0,7,17,59,68,18
691,1691,0,2,12,41,65,20
692,1692,0,9,7,37,98,91
693,1693,0,2,4,16,7,1
694,1694,0,3,6,16,9,16
695,1695,12,18,28,49,41,13
696,1696,0,9,7,20,41,84
697,1697,0,4,17,181,222,10
698,1698,0,0,5,17,51,5
699,1699,0,0,0,3,10,4
700,1700,0,2,2,14,19,27
701,1701,0,1,6,8,54,33
702,1702,9,29,47,49,32,28
703,1703,0,2,16,35,72,10
704,1704,0,0,0,8,31,5
705,1705,17,20,30,54,69,30
706,1706,11,43,243,412,191,9
707,1707,1,4,15,19,26,9
708,1708,0,1,15,54,156,78
709,1709,1,3,7,29,51,18
710,1710,0,1,2,10,80,57
711,1711,0,11,54,136,110,12
712,1712,1,3,2,4,13,2
713,1713,1,3,2,10,8,1
714,1714,0,2,8,34,78,36
715,1715,1,5,26,53,33,6
716,1716,1,11,72,263,109,33
717,1717,0,0,3,13,18,7
718,1718,0,1,24,110,220,37
719,1719,1,2,34,38,11,5
720,1720,0,5,38,73,18,0
721,1721,6,10,78,172,109,30
722,1722,48,4,16,70,65,39
723,1723,0,0,14,103,233,33
724,1724,0,0,0,15,52,0
725,1725,0,0,0,25,63,3
726,1726,2,8,62,107,128,21
727,1727,22,39,42,76,78,30
728,1728,2,11,30,61,65,41
729,1729,0,5,20,84,147,51
730,1730,0,0,3,35,33,24
731,1731,1,1,4,26,37,21
732,1732,0,7,35,106,51,14
733,1733,9,18,25,102,196,82
734,1734,0,0,26,140,83,5
735,1735,0,39,73,111,183,65
736,1736,0,1,3,17,32,13
737,1737,5,13,42,77,43,9
738,1738,0,0,6,28,39,11
739,1739,3,1,21,97,102,10
740,1740,24,74,89,94,39,10
741,1741,0,0,11,44,48,21
742,1742,0,0,1,4,10,6
743,1743,0,2,3,29,49,57
744,1744,2,49,146,170,157,26
745,1745,0,1,4,18,19,15
746,1746,1,0,20,41,23,3
747,1747,0,1,2,17,44,12
748,1748,0,0,0,8,21,15
749,1749,5,3,2,7,7,65
750,1750,0,2,3,32,45,12
751,1751,0,15,24,34,27,22
752,1752,0,2,3,5,34,18
753,1753,1,7,30,78,71,5
754,1754,0,4,7,26,46,10
755,1755,1,3,1,9,23,12
756,1756,2,0,4,29,40,20
757,1757,1,18,53,86,58,6
758,1758,2,1,3,7,12,7
759,1759,0,0,4,7,13,9
760,1760,0,2,2,58,130,30
761,1761,0,0,1,34,54,61
762,1762,1,1,61,215,116,33
763,1763,0,1,3,17,43,43
764,1764,0,0,3,36,69,1
765,1765,0,4,7,34,28,8
766,1766,2,4,17,28,59,34
767,1767,0,1,3,9,31,18
768,1768,0,2,47,180,75,3
769,1769,1,10,16,86,89,4
770,1770,0,1,6,12,10,14
771,1771,8,32,37,60,57,21
772,1772,0,24,96,193,75,2
773,1773,2,1,4,5,14,6
774,1774,0,3,13,63,139,11
775,1775,0,1,0,5,11,33
776,1776,0,3,12,48,82,32
777,1777,0,2,9,60,36,12
778,1778,0,0,1,5,5,6
779,1779,0,8,6,25,15,5
780,1780,4,20,57,130,140,158
781,1781,0,0,6,47,47,2
782,1782,3,12,75,221,57,2
783,1783,0,10,11,52,63,27
784,1784,25,25,43,145,176,26
785,1785,0,20,124,383,274,84
786,1786,0,5,46,104,81,12
787,1787,0,4,91,321,180,12
788,1788,0,0,0,1,12,4
789,1789,2,41,141,164,127,33
790,1790,0,2,0,0,2,1
791,1791,19,17,37,44,28,5
792,1792,0,2,15,37,18,7
793,1793,0,0,0,5,3,4
794,1794,0,0,7,134,96,6
795,1795,0,3,10,84,63,86
796,1796,0,0,3,25,89,96
797,1797,2,2,5,10,16,5
798,1798,6,17,56,155,79,4
799,1799,1,1,4,3,10,1
800,1800,0,9,29,34,53,3
801,1801,18,50,48,43,46,23
802,1802,0,1,22,72,47,1
803,1803,0,1,17,69,91,29
804,1804,0,10,20,89,70,10
805,1805,0,0,4,20,34,22
806,1806,0,1,7,36,81,70
807,1807,0,0,3,7,2,3
808,1808,3,3,17,49,52,11
809,1809,0,3,13,40,50,13
810,1810,0,2,17,30,41,15
811,1811,0,1,7,8,7,12
812,1812,0,0,3,46,93,34
813,1813,0,11,49,173,239,41
814,1814,1,5,45,115,96,50
815,1815,0,5,17,99,183,165
816,1816,0,0,3,1,0,3
817,1817,0,1,3,42,42,1
818,1818,0,3,6,8,1,9
819,1819,0,0,8,29,104,85
820,1820,13,10,4,2,2,12
821,1821,0,15,10,29,66,15
822,1822,0,1,7,38,42,19
823,1823,0,1,5,20,21,16
824,1824,0,5,24,53,65,36
825,1825,21,51,151,252,107,42
826,1826,0,0,0,2,14,21
827,1827,4,31,376,329,104,7
828,1828,0,41,79,194,160,125
829,1829,0,0,3,14,27,10
830,1830,8,10,54,177,133,64
831,1831,0,30,40,103,92,8
832,1832,2,4,35,31,24,2
833,1833,11,38,115,260,125,15
834,1834,3,17,23,35,66,0
835,1835,0,0,1,10,13,17
836,1836,26,37,47,35,90,26
837,1837,0,1,13,44,42,23
838,1838,0,2,8,27,39,10
839,1839,0,3,48,157,201,54
840,1840,0,3,30,95,75,6
841,1841,0,3,2,3,19,76
842,1842,0,0,2,25,45,44
843,1843,0,0,0,3,6,5
844,1844,0,11,35,40,109,16
845,1845,0,2,18,32,14,1
846,1846,0,0,4,78,58,2
847,1847,18,14,41,68,107,6
848,1848,4,31,94,188,124,41
849,1849,2,24,71,74,19,5
850,1850,3,12,10,12,46,14
851,1851,1,5,20,72,52,0
852,1852,0,0,0,8,8,14
853,1853,0,6,19,52,25,10
854,1854,0,6,22,39,33,18
855,1855,2,4,4,12,11,8
856,1856,0,39,17,8,9,2
857,1857,1,4,21,70,67,9
858,1858,2,7,24,55,67,5
859,1859,0,12,19,70,14,0
860,1860,0,0,16,114,142,28
861,1861,0,3,6,20,19,23
862,1862,0,3,3,14,17,10
863,1863,11,14,31,83,120,39
864,1864,0,0,2,28,19,2
865,1865,0,2,3,23,189,56
866,1866,0,1,1,13,22,41
867,1867,4,12,31,22,31,10
868,1868,0,0,9,115,134,10
869,1869,44,34,65,123,87,177
870,1870,0,18,105,146,39,2
871,1871,0,0,10,64,120,9
872,1872,0,4,21,90,87,99
873,1873,0,0,8,99,143,12
874,1874,0,1,40,164,107,3
875,1875,0,21,112,180,104,11
876,1876,0,2,4,17,26,20
877,1877,0,1,6,35,58,99
878,1878,3,26,100,154,57,1
879,1879,0,2,2,19,54,3
880,1880,0,3,31,68,154,149
881,1881,0,0,0,5,6,8
882,1882,0,0,1,37,82,37
883,1883,0,1,0,12,10,9
884,1884,0,6,16,24,34,4
885,1885,0,2,4,17,22,6
886,1886,0,46,26,62,35,13
887,1887,0,0,0,4,2,4
888,1888,0,0,1,9,31,12
889,1889,0,0,1,19,45,41
890,1890,0,1,5,65,70,3
891,1891,1,9,17,15,14,17
892,1892,0,1,0,3,7,0
893,1893,0,0,1,13,46,25
894,1894,0,0,1,50,103,22
895,1895,0,1,9,36,35,10
896,1896,0,11,9,22,23,12
897,1897,0,2,19,54,73,57
898,1898,0,2,106,80,12,4
899,1899,1,3,52,281,202,14
900,1900,0,0,2,2,8,18
901,1901,0,30,66,214,185,46
902,1902,6,21,45,70,58,11
903,1903,0,1,15,54,120,17
904,1904,0,2,7,9,15,4
905,1905,0,0,3,20,13,4
906,1906,0,1,3,15,19,7
907,1907,1,5,12,56,100,7
908,1908,0,0,3,20,33,9
909,1909,0,2,5,20,18,17
910,1910,1,6,2,2,5,32
911,1911,1,40,69,185,81,5
912,1912,0,14,26,36,47,41
913,1913,2,8,30,66,78,3
914,1914,0,2,2,14,30,10
915,1915,0,0,0,8,46,0
916,1916,0,2,5,82,105,29
917,1917,0,13,12,100,114,124
918,1918,5,46,81,120,93,27
919,1919,0,2,4,12,10,10
920,1920,0,1,17,140,120,30
921,1921,0,3,15,37,44,24
922,1922,0,6,19,52,78,55
923,1923,0,4,11,38,28,8
924,1924,1,6,97,286,75,4
925,1925,0,2,6,36,97,69
926,1926,0,1,4,16,28,0
927,1927,1,5,48,105,266,62
928,1928,0,1,2,2,11,9
929,1929,0,0,1,9,25,0
930,1930,18,12,16,17,31,14
931,1931,5,22,35,60,35,1
932,1932,0,3,9,39,107,36
933,1933,1,0,5,3,3,33
934,1934,6,3,10,42,52,21
935,1935,1,2,6,7,20,4
936,1936,12,27,110,236,208,53
937,1937,0,0,1,10,23,10
938,1938,0,0,14,68,157,56
939,1939,0,3,5,39,7,0
940,1940,0,0,1,5,5,5
941,1941,0,0,9,9,47,31
942,1942,0,4,9,41,58,18
943,1943,0,0,1,49,122,39
944,1944,0,4,6,29,44,23
945,1945,0,0,17,61,53,4
946,1946,0,6,10,26,45,116
947,1947,0,1,1,5,11,12
948,1948,0,10,23,52,69,117
949,1949,0,0,1,20,52,9
950,1950,6,2,6,3,7,39
951,1951,0,49,54,37,7,4
952,1952,0,0,3,50,40,7
953,1953,1,5,19,98,154,72
954,1954,0,0,1,10,21,12
955,1955,0,1,1,13,34,36
956,1956,0,0,3,15,81,9
957,1957,0,6,23,46,45,11
958,1958,0,4,13,22,43,37
959,1959,0,0,1,7,11,25
960,1960,13,22,26,44,124,43
961,1961,0,0,1,3,19,21
962,1962,0,0,0,6,29,4
963,1963,8,34,73,117,54,15
964,1964,3,33,122,145,47,14
965,1965,0,3,8,31,42,30
966,1966,0,0,0,2,2,23
967,1967,0,2,10,28,33,5
968,1968,2,3,3,28,157,18
969,1969,0,7,16,47,30,14
970,1970,0,8,31,83,91,3
971,1971,3,16,37,104,71,10
972,1972,19,19,35,75,115,20
973,1973,8,13,36,78,40,16
974,1974,0,3,7,10,9,14
975,1975,0,31,23,66,43,13
976,1976,1,1,5,59,97,23
977,1977,0,2,42,278,98,7
978,1978,0,6,13,21,26,19
979,1979,0,0,9,93,67,15
980,1980,0,4,17,75,52,10
981,1981,0,1,7,17,3,6
982,1982,10,15,43,81,45,9
983,1983,0,6,20,70,82,53
984,1984,0,0,14,124,262,14
985,1985,0,2,7,9,16,7
986,1986,0,0,1,3,7,5
987,1987,0,28,85,108,83,24
988,1988,0,0,0,1,8,22
989,1989,2,4,11,41,51,74
990,1990,0,0,3,55,108,117
991,1991,0,6,26,98,140,99
992,1992,0,1,4,12,3,2
993,1993,2,18,140,621,295,8
994,1994,0,0,0,7,20,8
995,1995,3,2,2,12,6,1
996,1996,1,0,2,10,28,16
997,1997,0,0,17,36,168,73
998,1998,0,3,9,40,50,15
999,1999,20,50,110,172,95,15
1000,2000,0,0,0,36,79,4
1001,2001,0,0,1,2,7,18
1002,2002,0,6,14,61,123,2
1003,2003,0,7,29,62,91,36
1004,2004,0,15,30,116,88,18
1005,2005,0,4,11,53,173,118
1006,2006,0,2,1,14,7,8
1007,2007,3,14,17,28,20,32
1008,2008,0,0,6,27,37,9
1009,2009,0,0,0,11,3,9
1010,2010,0,2,3,41,169,52
1011,2011,1,7,55,138,102,51
1012,2012,0,2,4,4,9,9
1013,2013,0,7,3,8,3,11
1014,2014,0,31,77,81,45,13
1015,2015,0,2,8,6,7,10
1016,2016,2,0,6,8,12,5
1017,2017,4,4,20,34,13,8
1018,2018,0,29,143,123,47,30
1019,2019,0,1,4,12,25,35
1020,2020,0,10,48,85,10,4
1021,2021,12,37,31,126,96,14
1022,2022,0,4,11,63,95,11
1023,2023,2,7,28,124,67,7
1024,2024,0,4,1,10,6,3
1025,2025,0,16,8,8,9,5
1026,2026,2,18,42,60,11,5
1027,2027,30,60,76,135,182,173
1028,2028,0,8,16,29,41,92
1029,2029,0,1,22,53,61,15
1030,2030,0,0,0,78,65,5
1031,2031,0,0,1,6,7,12
1032,2032,0,2,12,42,87,25
1033,2033,0,7,21,83,80,15
1034,2034,0,1,2,15,14,4
1035,2035,6,4,1,10,44,123
1036,2036,5,0,3,14,38,31
1037,2037,0,0,1,16,15,6
1038,2038,24,10,8,18,17,2
1039,2039,0,1,2,34,15,10
1040,2040,0,7,17,34,41,8
1041,2041,0,0,1,64,80,12
1042,2042,0,5,25,74,62,22
1043,2043,0,5,5,5,11,1
1044,2044,1,5,39,136,160,10
1045,2045,0,0,4,6,12,9
1046,2046,0,2,29,53,79,28
1047,2047,0,1,1,35,14,4
1048,2048,4,22,69,119,50,3
1049,2049,0,0,2,57,71,2
1050,2050,0,4,4,0,2,0
1051,2051,0,4,25,59,64,8
1052,2052,0,0,13,66,152,85
1053,2053,0,1,17,42,70,53
1054,2054,1,3,1,26,116,45
1055,2055,0,1,22,66,160,37
1056,2056,2,11,8,43,43,6
1057,2057,1,2,32,90,49,10
1058,2058,0,2,4,16,37,12
1059,2059,0,0,5,34,75,17
1060,2060,0,2,2,92,23,8
1061,2061,0,13,29,74,106,36
1062,2062,1,25,54,154,142,43
1063,2063,0,4,48,129,159,26
1064,2064,0,1,6,19,29,32
1065,2065,0,3,10,79,107,154
1066,2066,0,1,2,15,25,3
1067,2067,0,3,5,8,21,21
1068,2068,0,0,2,20,23,25
1069,2069,2,2,15,46,47,14
1070,2070,0,0,0,1,3,5
1071,2071,74,108,166,218,173,108
1072,2072,0,65,118,91,41,20
1073,2073,21,35,77,165,141,28
1074,2074,0,4,40,116,127,19
1075,2075,0,6,15,48,48,15
1076,2076,0,2,12,57,60,10
1077,2077,0,8,22,98,178,8
1078,2078,0,0,2,38,132,2
1079,2079,9,38,80,115,146,36
1080,2080,0,1,3,19,32,18
1081,2081,0,12,20,147,106,57
1082,2082,0,0,3,1,12,3
1083,2083,0,5,16,28,41,32
1084,2084,2,6,11,10,70,32
1085,2085,0,4,13,19,17,10
1086,2086,0,4,33,225,61,6
1087,2087,5,30,104,125,164,44
1088,2088,1,6,23,49,25,1
1089,2089,1,1,6,60,129,58
1090,2090,0,0,5,7,20,53
1091,2091,0,2,0,17,22,3
1092,2092,1,2,4,38,63,6
1093,2093,41,33,12,20,27,13
1094,2094,2,7,1,6,31,118
1095,2095,2,2,0,6,5,10
1096,2096,0,1,0,5,42,33
1097,2097,0,0,3,15,30,3
1098,2098,0,0,1,17,72,34
1099,2099,14,10,11,37,69,24
